"20079","8","制造指南书","0","0","0","20079","记载各种装备武器制造方法的书卷。","【种类 枪 等级 100】","0","0","0","","","0","0","0","0","0","0","0","0","0","100","0","0","0","1","1","1","0","0","1","0","0","0","0","0","0","0","0","0","0","0","0","0","0","0","0","0","0","0","0","0","0","0","0","0","0","0","0","0","0","99","2","6","0","0","0","0","0","0","0","0","0","0","0","0","0","0","0","0","0","0","0","0","0","0","0","0","0","0","0","0","0","0","0","0","0","0","0","0","0","0","0","0","0","0","0","0","0","0","0","0","0","0","0","0","0","0","0","0","0","0","0","0","0","0","0","0","0","0","0","0","0","0","0","0","0","0","0","0","0","0","0","0","0","0","0","0","0","itemSell0069.ent","itemSell0069s.ent","itemSell0069t.ent","0","0","0","0","0","0","0","0","0","0","0","0","","","","","","","","","0","",""
"20080","8","制造指南书","0","0","0","20080","记载各种装备武器制造方法的书卷。","【种类 枪 等级 110】","0","0","0","","","0","0","0","0","0","0","0","0","0","110","0","0","0","1","1","1","0","0","1","0","0","0","0","0","0","0","0","0","0","0","0","0","0","0","0","0","0","0","0","0","0","0","0","0","0","0","0","0","0","99","2","6","0","0","0","0","0","0","0","0","0","0","0","0","0","0","0","0","0","0","0","0","0","0","0","0","0","0","0","0","0","0","0","0","0","0","0","0","0","0","0","0","0","0","0","0","0","0","0","0","0","0","0","0","0","0","0","0","0","0","0","0","0","0","0","0","0","0","0","0","0","0","0","0","0","0","0","0","0","0","0","0","0","0","0","0","0","itemSell0069.ent","itemSell0069s.ent","itemSell0069t.ent","0","0","0","0","0","0","0","0","0","0","0","0","","","","","","","","","0","",""
"20081","8","制造指南书","0","0","0","20081","记载各种装备武器制造方法的书卷。","【种类 枪 等级 120】","0","0","0","","","0","0","0","0","0","0","0","0","0","120","0","0","0","1","1","1","0","0","1","0","0","0","0","0","0","0","0","0","0","0","0","0","0","0","0","0","0","0","0","0","0","0","0","0","0","0","0","0","0","99","2","6","0","0","0","0","0","0","0","0","0","0","0","0","0","0","0","0","0","0","0","0","0","0","0","0","0","0","0","0","0","0","0","0","0","0","0","0","0","0","0","0","0","0","0","0","0","0","0","0","0","0","0","0","0","0","0","0","0","0","0","0","0","0","0","0","0","0","0","0","0","0","0","0","0","0","0","0","0","0","0","0","0","0","0","0","0","itemSell0069.ent","itemSell0069s.ent","itemSell0069t.ent","0","0","0","0","0","0","0","0","0","0","0","0","","","","","","","","","0","",""
"20095","8","制造指南书","0","0","0","20095","记载各种装备武器制造方法的书卷。","【种类 扇 等级 100】","0","0","0","","","0","0","0","0","0","0","0","0","0","100","0","0","0","1","1","1","0","0","1","0","0","0","0","0","0","0","0","0","0","0","0","0","0","0","0","0","0","0","0","0","0","0","0","0","0","0","0","0","0","99","2","6","0","0","0","0","0","0","0","0","0","0","0","0","0","0","0","0","0","0","0","0","0","0","0","0","0","0","0","0","0","0","0","0","0","0","0","0","0","0","0","0","0","0","0","0","0","0","0","0","0","0","0","0","0","0","0","0","0","0","0","0","0","0","0","0","0","0","0","0","0","0","0","0","0","0","0","0","0","0","0","0","0","0","0","0","0","itemSell0069.ent","itemSell0069s.ent","itemSell0069t.ent","0","0","0","0","0","0","0","0","0","0","0","0","","","","","","","","","0","",""
"20096","8","制造指南书","0","0","0","20096","记载各种装备武器制造方法的书卷。","【种类 扇 等级 110】","0","0","0","","","0","0","0","0","0","0","0","0","0","110","0","0","0","1","1","1","0","0","1","0","0","0","0","0","0","0","0","0","0","0","0","0","0","0","0","0","0","0","0","0","0","0","0","0","0","0","0","0","0","99","2","6","0","0","0","0","0","0","0","0","0","0","0","0","0","0","0","0","0","0","0","0","0","0","0","0","0","0","0","0","0","0","0","0","0","0","0","0","0","0","0","0","0","0","0","0","0","0","0","0","0","0","0","0","0","0","0","0","0","0","0","0","0","0","0","0","0","0","0","0","0","0","0","0","0","0","0","0","0","0","0","0","0","0","0","0","0","itemSell0069.ent","itemSell0069s.ent","itemSell0069t.ent","0","0","0","0","0","0","0","0","0","0","0","0","","","","","","","","","0","",""
"20097","8","制造指南书","0","0","0","20097","记载各种装备武器制造方法的书卷。","【种类 扇 等级 120】","0","0","0","","","0","0","0","0","0","0","0","0","0","120","0","0","0","1","1","1","0","0","1","0","0","0","0","0","0","0","0","0","0","0","0","0","0","0","0","0","0","0","0","0","0","0","0","0","0","0","0","0","0","99","2","6","0","0","0","0","0","0","0","0","0","0","0","0","0","0","0","0","0","0","0","0","0","0","0","0","0","0","0","0","0","0","0","0","0","0","0","0","0","0","0","0","0","0","0","0","0","0","0","0","0","0","0","0","0","0","0","0","0","0","0","0","0","0","0","0","0","0","0","0","0","0","0","0","0","0","0","0","0","0","0","0","0","0","0","0","0","itemSell0069.ent","itemSell0069s.ent","itemSell0069t.ent","0","0","0","0","0","0","0","0","0","0","0","0","","","","","","","","","0","",""
"20111","8","制造指南书","0","0","0","20111","记载各种装备武器制造方法的书卷。","【种类 魔棒 等级 100】","0","0","0","","","0","0","0","0","0","0","0","0","0","100","0","0","0","1","1","1","0","0","1","0","0","0","0","0","0","0","0","0","0","0","0","0","0","0","0","0","0","0","0","0","0","0","0","0","0","0","0","0","0","99","2","6","0","0","0","0","0","0","0","0","0","0","0","0","0","0","0","0","0","0","0","0","0","0","0","0","0","0","0","0","0","0","0","0","0","0","0","0","0","0","0","0","0","0","0","0","0","0","0","0","0","0","0","0","0","0","0","0","0","0","0","0","0","0","0","0","0","0","0","0","0","0","0","0","0","0","0","0","0","0","0","0","0","0","0","0","0","itemSell0069.ent","itemSell0069s.ent","itemSell0069t.ent","0","0","0","0","0","0","0","0","0","0","0","0","","","","","","","","","0","",""
"20112","8","制造指南书","0","0","0","20112","记载各种装备武器制造方法的书卷。","【种类 魔棒 等级 110】","0","0","0","","","0","0","0","0","0","0","0","0","0","110","0","0","0","1","1","1","0","0","1","0","0","0","0","0","0","0","0","0","0","0","0","0","0","0","0","0","0","0","0","0","0","0","0","0","0","0","0","0","0","99","2","6","0","0","0","0","0","0","0","0","0","0","0","0","0","0","0","0","0","0","0","0","0","0","0","0","0","0","0","0","0","0","0","0","0","0","0","0","0","0","0","0","0","0","0","0","0","0","0","0","0","0","0","0","0","0","0","0","0","0","0","0","0","0","0","0","0","0","0","0","0","0","0","0","0","0","0","0","0","0","0","0","0","0","0","0","0","itemSell0069.ent","itemSell0069s.ent","itemSell0069t.ent","0","0","0","0","0","0","0","0","0","0","0","0","","","","","","","","","0","",""
"20113","8","制造指南书","0","0","0","20113","记载各种装备武器制造方法的书卷。","【种类 魔棒 等级 120】","0","0","0","","","0","0","0","0","0","0","0","0","0","120","0","0","0","1","1","1","0","0","1","0","0","0","0","0","0","0","0","0","0","0","0","0","0","0","0","0","0","0","0","0","0","0","0","0","0","0","0","0","0","99","2","6","0","0","0","0","0","0","0","0","0","0","0","0","0","0","0","0","0","0","0","0","0","0","0","0","0","0","0","0","0","0","0","0","0","0","0","0","0","0","0","0","0","0","0","0","0","0","0","0","0","0","0","0","0","0","0","0","0","0","0","0","0","0","0","0","0","0","0","0","0","0","0","0","0","0","0","0","0","0","0","0","0","0","0","0","0","itemSell0069.ent","itemSell0069s.ent","itemSell0069t.ent","0","0","0","0","0","0","0","0","0","0","0","0","","","","","","","","","0","",""
"20127","8","制造指南书","0","0","0","20127","记载各种装备武器制造方法的书卷。","【种类 爪刺 等级 100】","0","0","0","","","0","0","0","0","0","0","0","0","0","100","0","0","0","1","1","1","0","0","1","0","0","0","0","0","0","0","0","0","0","0","0","0","0","0","0","0","0","0","0","0","0","0","0","0","0","0","0","0","0","99","2","6","0","0","0","0","0","0","0","0","0","0","0","0","0","0","0","0","0","0","0","0","0","0","0","0","0","0","0","0","0","0","0","0","0","0","0","0","0","0","0","0","0","0","0","0","0","0","0","0","0","0","0","0","0","0","0","0","0","0","0","0","0","0","0","0","0","0","0","0","0","0","0","0","0","0","0","0","0","0","0","0","0","0","0","0","0","itemSell0069.ent","itemSell0069s.ent","itemSell0069t.ent","0","0","0","0","0","0","0","0","0","0","0","0","","","","","","","","","0","",""
"20128","8","制造指南书","0","0","0","20128","记载各种装备武器制造方法的书卷。","【种类 爪刺 等级 110】","0","0","0","","","0","0","0","0","0","0","0","0","0","110","0","0","0","1","1","1","0","0","1","0","0","0","0","0","0","0","0","0","0","0","0","0","0","0","0","0","0","0","0","0","0","0","0","0","0","0","0","0","0","99","2","6","0","0","0","0","0","0","0","0","0","0","0","0","0","0","0","0","0","0","0","0","0","0","0","0","0","0","0","0","0","0","0","0","0","0","0","0","0","0","0","0","0","0","0","0","0","0","0","0","0","0","0","0","0","0","0","0","0","0","0","0","0","0","0","0","0","0","0","0","0","0","0","0","0","0","0","0","0","0","0","0","0","0","0","0","0","itemSell0069.ent","itemSell0069s.ent","itemSell0069t.ent","0","0","0","0","0","0","0","0","0","0","0","0","","","","","","","","","0","",""
"20129","8","制造指南书","0","0","0","20129","记载各种装备武器制造方法的书卷。","【种类 爪刺 等级 120】","0","0","0","","","0","0","0","0","0","0","0","0","0","120","0","0","0","1","1","1","0","0","1","0","0","0","0","0","0","0","0","0","0","0","0","0","0","0","0","0","0","0","0","0","0","0","0","0","0","0","0","0","0","99","2","6","0","0","0","0","0","0","0","0","0","0","0","0","0","0","0","0","0","0","0","0","0","0","0","0","0","0","0","0","0","0","0","0","0","0","0","0","0","0","0","0","0","0","0","0","0","0","0","0","0","0","0","0","0","0","0","0","0","0","0","0","0","0","0","0","0","0","0","0","0","0","0","0","0","0","0","0","0","0","0","0","0","0","0","0","0","itemSell0069.ent","itemSell0069s.ent","itemSell0069t.ent","0","0","0","0","0","0","0","0","0","0","0","0","","","","","","","","","0","",""
"20143","8","制造指南书","0","0","0","20143","记载各种装备武器制造方法的书卷。","【种类 锤 等级 100】","0","0","0","","","0","0","0","0","0","0","0","0","0","100","0","0","0","1","1","1","0","0","1","0","0","0","0","0","0","0","0","0","0","0","0","0","0","0","0","0","0","0","0","0","0","0","0","0","0","0","0","0","0","99","2","6","0","0","0","0","0","0","0","0","0","0","0","0","0","0","0","0","0","0","0","0","0","0","0","0","0","0","0","0","0","0","0","0","0","0","0","0","0","0","0","0","0","0","0","0","0","0","0","0","0","0","0","0","0","0","0","0","0","0","0","0","0","0","0","0","0","0","0","0","0","0","0","0","0","0","0","0","0","0","0","0","0","0","0","0","0","itemSell0069.ent","itemSell0069s.ent","itemSell0069t.ent","0","0","0","0","0","0","0","0","0","0","0","0","","","","","","","","","0","",""
"20144","8","制造指南书","0","0","0","20144","记载各种装备武器制造方法的书卷。","【种类 锤 等级 110】","0","0","0","","","0","0","0","0","0","0","0","0","0","110","0","0","0","1","1","1","0","0","1","0","0","0","0","0","0","0","0","0","0","0","0","0","0","0","0","0","0","0","0","0","0","0","0","0","0","0","0","0","0","99","2","6","0","0","0","0","0","0","0","0","0","0","0","0","0","0","0","0","0","0","0","0","0","0","0","0","0","0","0","0","0","0","0","0","0","0","0","0","0","0","0","0","0","0","0","0","0","0","0","0","0","0","0","0","0","0","0","0","0","0","0","0","0","0","0","0","0","0","0","0","0","0","0","0","0","0","0","0","0","0","0","0","0","0","0","0","0","itemSell0069.ent","itemSell0069s.ent","itemSell0069t.ent","0","0","0","0","0","0","0","0","0","0","0","0","","","","","","","","","0","",""
"20145","8","制造指南书","0","0","0","20145","记载各种装备武器制造方法的书卷。","【种类 锤 等级 120】","0","0","0","","","0","0","0","0","0","0","0","0","0","120","0","0","0","1","1","1","0","0","1","0","0","0","0","0","0","0","0","0","0","0","0","0","0","0","0","0","0","0","0","0","0","0","0","0","0","0","0","0","0","99","2","6","0","0","0","0","0","0","0","0","0","0","0","0","0","0","0","0","0","0","0","0","0","0","0","0","0","0","0","0","0","0","0","0","0","0","0","0","0","0","0","0","0","0","0","0","0","0","0","0","0","0","0","0","0","0","0","0","0","0","0","0","0","0","0","0","0","0","0","0","0","0","0","0","0","0","0","0","0","0","0","0","0","0","0","0","0","itemSell0069.ent","itemSell0069s.ent","itemSell0069t.ent","0","0","0","0","0","0","0","0","0","0","0","0","","","","","","","","","0","",""
"20159","8","制造指南书","0","0","0","20159","记载各种装备武器制造方法的书卷。","【种类 斧头 等级 100】","0","0","0","","","0","0","0","0","0","0","0","0","0","100","0","0","0","1","1","1","0","0","1","0","0","0","0","0","0","0","0","0","0","0","0","0","0","0","0","0","0","0","0","0","0","0","0","0","0","0","0","0","0","99","2","6","0","0","0","0","0","0","0","0","0","0","0","0","0","0","0","0","0","0","0","0","0","0","0","0","0","0","0","0","0","0","0","0","0","0","0","0","0","0","0","0","0","0","0","0","0","0","0","0","0","0","0","0","0","0","0","0","0","0","0","0","0","0","0","0","0","0","0","0","0","0","0","0","0","0","0","0","0","0","0","0","0","0","0","0","0","itemSell0069.ent","itemSell0069s.ent","itemSell0069t.ent","0","0","0","0","0","0","0","0","0","0","0","0","","","","","","","","","0","",""
"20160","8","制造指南书","0","0","0","20160","记载各种装备武器制造方法的书卷。","【种类 斧头 等级 110】","0","0","0","","","0","0","0","0","0","0","0","0","0","110","0","0","0","1","1","1","0","0","1","0","0","0","0","0","0","0","0","0","0","0","0","0","0","0","0","0","0","0","0","0","0","0","0","0","0","0","0","0","0","99","2","6","0","0","0","0","0","0","0","0","0","0","0","0","0","0","0","0","0","0","0","0","0","0","0","0","0","0","0","0","0","0","0","0","0","0","0","0","0","0","0","0","0","0","0","0","0","0","0","0","0","0","0","0","0","0","0","0","0","0","0","0","0","0","0","0","0","0","0","0","0","0","0","0","0","0","0","0","0","0","0","0","0","0","0","0","0","itemSell0069.ent","itemSell0069s.ent","itemSell0069t.ent","0","0","0","0","0","0","0","0","0","0","0","0","","","","","","","","","0","",""
"20161","8","制造指南书","0","0","0","20161","记载各种装备武器制造方法的书卷。","【种类 斧头 等级 120】","0","0","0","","","0","0","0","0","0","0","0","0","0","120","0","0","0","1","1","1","0","0","1","0","0","0","0","0","0","0","0","0","0","0","0","0","0","0","0","0","0","0","0","0","0","0","0","0","0","0","0","0","0","99","2","6","0","0","0","0","0","0","0","0","0","0","0","0","0","0","0","0","0","0","0","0","0","0","0","0","0","0","0","0","0","0","0","0","0","0","0","0","0","0","0","0","0","0","0","0","0","0","0","0","0","0","0","0","0","0","0","0","0","0","0","0","0","0","0","0","0","0","0","0","0","0","0","0","0","0","0","0","0","0","0","0","0","0","0","0","0","itemSell0069.ent","itemSell0069s.ent","itemSell0069t.ent","0","0","0","0","0","0","0","0","0","0","0","0","","","","","","","","","0","",""
"20175","8","制造指南书","0","0","0","20175","记载各种装备武器制造方法的书卷。","【种类 飘带 等级 100】","0","0","0","","","0","0","0","0","0","0","0","0","0","100","0","0","0","1","1","1","0","0","1","0","0","0","0","0","0","0","0","0","0","0","0","0","0","0","0","0","0","0","0","0","0","0","0","0","0","0","0","0","0","99","2","6","0","0","0","0","0","0","0","0","0","0","0","0","0","0","0","0","0","0","0","0","0","0","0","0","0","0","0","0","0","0","0","0","0","0","0","0","0","0","0","0","0","0","0","0","0","0","0","0","0","0","0","0","0","0","0","0","0","0","0","0","0","0","0","0","0","0","0","0","0","0","0","0","0","0","0","0","0","0","0","0","0","0","0","0","0","itemSell0069.ent","itemSell0069s.ent","itemSell0069t.ent","0","0","0","0","0","0","0","0","0","0","0","0","","","","","","","","","0","",""
"20176","8","制造指南书","0","0","0","20176","记载各种装备武器制造方法的书卷。","【种类 飘带 等级 110】","0","0","0","","","0","0","0","0","0","0","0","0","0","110","0","0","0","1","1","1","0","0","1","0","0","0","0","0","0","0","0","0","0","0","0","0","0","0","0","0","0","0","0","0","0","0","0","0","0","0","0","0","0","99","2","6","0","0","0","0","0","0","0","0","0","0","0","0","0","0","0","0","0","0","0","0","0","0","0","0","0","0","0","0","0","0","0","0","0","0","0","0","0","0","0","0","0","0","0","0","0","0","0","0","0","0","0","0","0","0","0","0","0","0","0","0","0","0","0","0","0","0","0","0","0","0","0","0","0","0","0","0","0","0","0","0","0","0","0","0","0","itemSell0069.ent","itemSell0069s.ent","itemSell0069t.ent","0","0","0","0","0","0","0","0","0","0","0","0","","","","","","","","","0","",""
"20177","8","制造指南书","0","0","0","20177","记载各种装备武器制造方法的书卷。","【种类 飘带 等级 120】","0","0","0","","","0","0","0","0","0","0","0","0","0","120","0","0","0","1","1","1","0","0","1","0","0","0","0","0","0","0","0","0","0","0","0","0","0","0","0","0","0","0","0","0","0","0","0","0","0","0","0","0","0","99","2","6","0","0","0","0","0","0","0","0","0","0","0","0","0","0","0","0","0","0","0","0","0","0","0","0","0","0","0","0","0","0","0","0","0","0","0","0","0","0","0","0","0","0","0","0","0","0","0","0","0","0","0","0","0","0","0","0","0","0","0","0","0","0","0","0","0","0","0","0","0","0","0","0","0","0","0","0","0","0","0","0","0","0","0","0","0","itemSell0069.ent","itemSell0069s.ent","itemSell0069t.ent","0","0","0","0","0","0","0","0","0","0","0","0","","","","","","","","","0","",""
"20191","8","制造指南书","0","0","0","20191","记载各种装备武器制造方法的书卷。","【种类 双环 等级 100】","0","0","0","","","0","0","0","0","0","0","0","0","0","100","0","0","0","1","1","1","0","0","1","0","0","0","0","0","0","0","0","0","0","0","0","0","0","0","0","0","0","0","0","0","0","0","0","0","0","0","0","0","0","99","2","6","0","0","0","0","0","0","0","0","0","0","0","0","0","0","0","0","0","0","0","0","0","0","0","0","0","0","0","0","0","0","0","0","0","0","0","0","0","0","0","0","0","0","0","0","0","0","0","0","0","0","0","0","0","0","0","0","0","0","0","0","0","0","0","0","0","0","0","0","0","0","0","0","0","0","0","0","0","0","0","0","0","0","0","0","0","itemSell0069.ent","itemSell0069s.ent","itemSell0069t.ent","0","0","0","0","0","0","0","0","0","0","0","0","","","","","","","","","0","",""
"20192","8","制造指南书","0","0","0","20192","记载各种装备武器制造方法的书卷。","【种类 双环 等级 110】","0","0","0","","","0","0","0","0","0","0","0","0","0","110","0","0","0","1","1","1","0","0","1","0","0","0","0","0","0","0","0","0","0","0","0","0","0","0","0","0","0","0","0","0","0","0","0","0","0","0","0","0","0","99","2","6","0","0","0","0","0","0","0","0","0","0","0","0","0","0","0","0","0","0","0","0","0","0","0","0","0","0","0","0","0","0","0","0","0","0","0","0","0","0","0","0","0","0","0","0","0","0","0","0","0","0","0","0","0","0","0","0","0","0","0","0","0","0","0","0","0","0","0","0","0","0","0","0","0","0","0","0","0","0","0","0","0","0","0","0","0","itemSell0069.ent","itemSell0069s.ent","itemSell0069t.ent","0","0","0","0","0","0","0","0","0","0","0","0","","","","","","","","","0","",""
"20193","8","制造指南书","0","0","0","20193","记载各种装备武器制造方法的书卷。","【种类 双环 等级 120】","0","0","0","","","0","0","0","0","0","0","0","0","0","120","0","0","0","1","1","1","0","0","1","0","0","0","0","0","0","0","0","0","0","0","0","0","0","0","0","0","0","0","0","0","0","0","0","0","0","0","0","0","0","99","2","6","0","0","0","0","0","0","0","0","0","0","0","0","0","0","0","0","0","0","0","0","0","0","0","0","0","0","0","0","0","0","0","0","0","0","0","0","0","0","0","0","0","0","0","0","0","0","0","0","0","0","0","0","0","0","0","0","0","0","0","0","0","0","0","0","0","0","0","0","0","0","0","0","0","0","0","0","0","0","0","0","0","0","0","0","0","itemSell0069.ent","itemSell0069s.ent","itemSell0069t.ent","0","0","0","0","0","0","0","0","0","0","0","0","","","","","","","","","0","",""
"20207","8","制造指南书","0","0","0","20207","记载各种装备武器制造方法的书卷。","【种类 剑 等级 100】","0","0","0","","","0","0","0","0","0","0","0","0","0","100","0","0","0","1","1","1","0","0","1","0","0","0","0","0","0","0","0","0","0","0","0","0","0","0","0","0","0","0","0","0","0","0","0","0","0","0","0","0","0","99","2","6","0","0","0","0","0","0","0","0","0","0","0","0","0","0","0","0","0","0","0","0","0","0","0","0","0","0","0","0","0","0","0","0","0","0","0","0","0","0","0","0","0","0","0","0","0","0","0","0","0","0","0","0","0","0","0","0","0","0","0","0","0","0","0","0","0","0","0","0","0","0","0","0","0","0","0","0","0","0","0","0","0","0","0","0","0","itemSell0069.ent","itemSell0069s.ent","itemSell0069t.ent","0","0","0","0","0","0","0","0","0","0","0","0","","","","","","","","","0","",""
"20208","8","制造指南书","0","0","0","20208","记载各种装备武器制造方法的书卷。","【种类 剑 等级 110】","0","0","0","","","0","0","0","0","0","0","0","0","0","110","0","0","0","1","1","1","0","0","1","0","0","0","0","0","0","0","0","0","0","0","0","0","0","0","0","0","0","0","0","0","0","0","0","0","0","0","0","0","0","99","2","6","0","0","0","0","0","0","0","0","0","0","0","0","0","0","0","0","0","0","0","0","0","0","0","0","0","0","0","0","0","0","0","0","0","0","0","0","0","0","0","0","0","0","0","0","0","0","0","0","0","0","0","0","0","0","0","0","0","0","0","0","0","0","0","0","0","0","0","0","0","0","0","0","0","0","0","0","0","0","0","0","0","0","0","0","0","itemSell0069.ent","itemSell0069s.ent","itemSell0069t.ent","0","0","0","0","0","0","0","0","0","0","0","0","","","","","","","","","0","",""
"20209","8","制造指南书","0","0","0","20209","记载各种装备武器制造方法的书卷。","【种类 剑 等级 120】","0","0","0","","","0","0","0","0","0","0","0","0","0","120","0","0","0","1","1","1","0","0","1","0","0","0","0","0","0","0","0","0","0","0","0","0","0","0","0","0","0","0","0","0","0","0","0","0","0","0","0","0","0","99","2","6","0","0","0","0","0","0","0","0","0","0","0","0","0","0","0","0","0","0","0","0","0","0","0","0","0","0","0","0","0","0","0","0","0","0","0","0","0","0","0","0","0","0","0","0","0","0","0","0","0","0","0","0","0","0","0","0","0","0","0","0","0","0","0","0","0","0","0","0","0","0","0","0","0","0","0","0","0","0","0","0","0","0","0","0","0","itemSell0069.ent","itemSell0069s.ent","itemSell0069t.ent","0","0","0","0","0","0","0","0","0","0","0","0","","","","","","","","","0","",""
"20223","8","制造指南书","0","0","0","20223","记载各种装备武器制造方法的书卷。","【种类 刀 等级 100】","0","0","0","","","0","0","0","0","0","0","0","0","0","100","0","0","0","1","1","1","0","0","1","0","0","0","0","0","0","0","0","0","0","0","0","0","0","0","0","0","0","0","0","0","0","0","0","0","0","0","0","0","0","99","2","6","0","0","0","0","0","0","0","0","0","0","0","0","0","0","0","0","0","0","0","0","0","0","0","0","0","0","0","0","0","0","0","0","0","0","0","0","0","0","0","0","0","0","0","0","0","0","0","0","0","0","0","0","0","0","0","0","0","0","0","0","0","0","0","0","0","0","0","0","0","0","0","0","0","0","0","0","0","0","0","0","0","0","0","0","0","itemSell0069.ent","itemSell0069s.ent","itemSell0069t.ent","0","0","0","0","0","0","0","0","0","0","0","0","","","","","","","","","0","",""
"20224","8","制造指南书","0","0","0","20224","记载各种装备武器制造方法的书卷。","【种类 刀 等级 110】","0","0","0","","","0","0","0","0","0","0","0","0","0","110","0","0","0","1","1","1","0","0","1","0","0","0","0","0","0","0","0","0","0","0","0","0","0","0","0","0","0","0","0","0","0","0","0","0","0","0","0","0","0","99","2","6","0","0","0","0","0","0","0","0","0","0","0","0","0","0","0","0","0","0","0","0","0","0","0","0","0","0","0","0","0","0","0","0","0","0","0","0","0","0","0","0","0","0","0","0","0","0","0","0","0","0","0","0","0","0","0","0","0","0","0","0","0","0","0","0","0","0","0","0","0","0","0","0","0","0","0","0","0","0","0","0","0","0","0","0","0","itemSell0069.ent","itemSell0069s.ent","itemSell0069t.ent","0","0","0","0","0","0","0","0","0","0","0","0","","","","","","","","","0","",""
"20225","8","制造指南书","0","0","0","20225","记载各种装备武器制造方法的书卷。","【种类 刀 等级 120】","0","0","0","","","0","0","0","0","0","0","0","0","0","120","0","0","0","1","1","1","0","0","1","0","0","0","0","0","0","0","0","0","0","0","0","0","0","0","0","0","0","0","0","0","0","0","0","0","0","0","0","0","0","99","2","6","0","0","0","0","0","0","0","0","0","0","0","0","0","0","0","0","0","0","0","0","0","0","0","0","0","0","0","0","0","0","0","0","0","0","0","0","0","0","0","0","0","0","0","0","0","0","0","0","0","0","0","0","0","0","0","0","0","0","0","0","0","0","0","0","0","0","0","0","0","0","0","0","0","0","0","0","0","0","0","0","0","0","0","0","0","itemSell0069.ent","itemSell0069s.ent","itemSell0069t.ent","0","0","0","0","0","0","0","0","0","0","0","0","","","","","","","","","0","",""
"20239","8","制造指南书","0","0","0","20239","记载各种装备武器制造方法的书卷。","【种类 双剑 等级 100】","0","0","0","","","0","0","0","0","0","0","0","0","0","100","0","0","0","1","1","1","0","0","1","0","0","0","0","0","0","0","0","0","0","0","0","0","0","0","0","0","0","0","0","0","0","0","0","0","0","0","0","0","0","99","2","6","0","0","0","0","0","0","0","0","0","0","0","0","0","0","0","0","0","0","0","0","0","0","0","0","0","0","0","0","0","0","0","0","0","0","0","0","0","0","0","0","0","0","0","0","0","0","0","0","0","0","0","0","0","0","0","0","0","0","0","0","0","0","0","0","0","0","0","0","0","0","0","0","0","0","0","0","0","0","0","0","0","0","0","0","0","itemSell0069.ent","itemSell0069s.ent","itemSell0069t.ent","0","0","0","0","0","0","0","0","0","0","0","0","","","","","","","","","0","",""
"20240","8","制造指南书","0","0","0","20240","记载各种装备武器制造方法的书卷。","【种类 双剑 等级 110】","0","0","0","","","0","0","0","0","0","0","0","0","0","110","0","0","0","1","1","1","0","0","1","0","0","0","0","0","0","0","0","0","0","0","0","0","0","0","0","0","0","0","0","0","0","0","0","0","0","0","0","0","0","99","2","6","0","0","0","0","0","0","0","0","0","0","0","0","0","0","0","0","0","0","0","0","0","0","0","0","0","0","0","0","0","0","0","0","0","0","0","0","0","0","0","0","0","0","0","0","0","0","0","0","0","0","0","0","0","0","0","0","0","0","0","0","0","0","0","0","0","0","0","0","0","0","0","0","0","0","0","0","0","0","0","0","0","0","0","0","0","itemSell0069.ent","itemSell0069s.ent","itemSell0069t.ent","0","0","0","0","0","0","0","0","0","0","0","0","","","","","","","","","0","",""
"20241","8","制造指南书","0","0","0","20241","记载各种装备武器制造方法的书卷。","【种类 双剑 等级 120】","0","0","0","","","0","0","0","0","0","0","0","0","0","120","0","0","0","1","1","1","0","0","1","0","0","0","0","0","0","0","0","0","0","0","0","0","0","0","0","0","0","0","0","0","0","0","0","0","0","0","0","0","0","99","2","6","0","0","0","0","0","0","0","0","0","0","0","0","0","0","0","0","0","0","0","0","0","0","0","0","0","0","0","0","0","0","0","0","0","0","0","0","0","0","0","0","0","0","0","0","0","0","0","0","0","0","0","0","0","0","0","0","0","0","0","0","0","0","0","0","0","0","0","0","0","0","0","0","0","0","0","0","0","0","0","0","0","0","0","0","0","itemSell0069.ent","itemSell0069s.ent","itemSell0069t.ent","0","0","0","0","0","0","0","0","0","0","0","0","","","","","","","","","0","",""
"60035","21","100级腰带制造书","0","0","0","60025","记载各种装备武器制造方法的书卷。","【种类 腰带 等级 100】","0","0","0","","","0","0","0","0","0","0","0","0","0","100","0","0","0","1","1","1","0","0","1","0","0","0","0","0","0","0","0","0","0","0","0","0","0","0","0","0","0","0","0","0","0","0","0","0","0","0","0","0","0","99","2","6","0","0","0","0","0","0","0","0","0","0","0","0","0","0","0","0","0","0","0","0","0","0","0","0","0","0","0","0","0","0","0","0","0","0","0","0","0","0","0","0","0","0","0","0","0","0","0","0","0","0","0","0","0","0","0","0","0","0","0","0","0","0","0","0","0","0","0","0","0","0","0","0","0","0","0","0","0","0","0","0","0","0","0","0","0","itemSell0069.ent","itemSell0069s.ent","itemSell0069t.ent","0","0","0","0","0","0","0","0","0","0","0","0","","","","","","","","","0","",""
"60036","21","110级腰带制造书","0","0","0","60025","记载各种装备武器制造方法的书卷。","【种类 腰带 等级 110】","0","0","0","","","0","0","0","0","0","0","0","0","0","110","0","0","0","1","1","1","0","0","1","0","0","0","0","0","0","0","0","0","0","0","0","0","0","0","0","0","0","0","0","0","0","0","0","0","0","0","0","0","0","99","2","6","0","0","0","0","0","0","0","0","0","0","0","0","0","0","0","0","0","0","0","0","0","0","0","0","0","0","0","0","0","0","0","0","0","0","0","0","0","0","0","0","0","0","0","0","0","0","0","0","0","0","0","0","0","0","0","0","0","0","0","0","0","0","0","0","0","0","0","0","0","0","0","0","0","0","0","0","0","0","0","0","0","0","0","0","0","itemSell0069.ent","itemSell0069s.ent","itemSell0069t.ent","0","0","0","0","0","0","0","0","0","0","0","0","","","","","","","","","0","",""
"60037","21","120级腰带制造书","0","0","0","60025","记载各种装备武器制造方法的书卷。","【种类 腰带 等级 120】","0","0","0","","","0","0","0","0","0","0","0","0","0","120","0","0","0","1","1","1","0","0","1","0","0","0","0","0","0","0","0","0","0","0","0","0","0","0","0","0","0","0","0","0","0","0","0","0","0","0","0","0","0","99","2","6","0","0","0","0","0","0","0","0","0","0","0","0","0","0","0","0","0","0","0","0","0","0","0","0","0","0","0","0","0","0","0","0","0","0","0","0","0","0","0","0","0","0","0","0","0","0","0","0","0","0","0","0","0","0","0","0","0","0","0","0","0","0","0","0","0","0","0","0","0","0","0","0","0","0","0","0","0","0","0","0","0","0","0","0","0","itemSell0069.ent","itemSell0069s.ent","itemSell0069t.ent","0","0","0","0","0","0","0","0","0","0","0","0","","","","","","","","","0","",""
"60051","21","100级项链制造书","0","0","0","60041","记载各种装备武器制造方法的书卷。","【种类 项链 等级 100】","0","0","0","","","0","0","0","0","0","0","0","0","0","100","0","0","0","1","1","1","0","0","1","0","0","0","0","0","0","0","0","0","0","0","0","0","0","0","0","0","0","0","0","0","0","0","0","0","0","0","0","0","0","99","2","6","0","0","0","0","0","0","0","0","0","0","0","0","0","0","0","0","0","0","0","0","0","0","0","0","0","0","0","0","0","0","0","0","0","0","0","0","0","0","0","0","0","0","0","0","0","0","0","0","0","0","0","0","0","0","0","0","0","0","0","0","0","0","0","0","0","0","0","0","0","0","0","0","0","0","0","0","0","0","0","0","0","0","0","0","0","itemSell0069.ent","itemSell0069s.ent","itemSell0069t.ent","0","0","0","0","0","0","0","0","0","0","0","0","","","","","","","","","0","",""
"60052","21","110级项链制造书","0","0","0","60041","记载各种装备武器制造方法的书卷。","【种类 项链 等级 110】","0","0","0","","","0","0","0","0","0","0","0","0","0","110","0","0","0","1","1","1","0","0","1","0","0","0","0","0","0","0","0","0","0","0","0","0","0","0","0","0","0","0","0","0","0","0","0","0","0","0","0","0","0","99","2","6","0","0","0","0","0","0","0","0","0","0","0","0","0","0","0","0","0","0","0","0","0","0","0","0","0","0","0","0","0","0","0","0","0","0","0","0","0","0","0","0","0","0","0","0","0","0","0","0","0","0","0","0","0","0","0","0","0","0","0","0","0","0","0","0","0","0","0","0","0","0","0","0","0","0","0","0","0","0","0","0","0","0","0","0","0","itemSell0069.ent","itemSell0069s.ent","itemSell0069t.ent","0","0","0","0","0","0","0","0","0","0","0","0","","","","","","","","","0","",""
"60053","21","120级项链制造书","0","0","0","60041","记载各种装备武器制造方法的书卷。","【种类 项链 等级 120】","0","0","0","","","0","0","0","0","0","0","0","0","0","120","0","0","0","1","1","1","0","0","1","0","0","0","0","0","0","0","0","0","0","0","0","0","0","0","0","0","0","0","0","0","0","0","0","0","0","0","0","0","0","99","2","6","0","0","0","0","0","0","0","0","0","0","0","0","0","0","0","0","0","0","0","0","0","0","0","0","0","0","0","0","0","0","0","0","0","0","0","0","0","0","0","0","0","0","0","0","0","0","0","0","0","0","0","0","0","0","0","0","0","0","0","0","0","0","0","0","0","0","0","0","0","0","0","0","0","0","0","0","0","0","0","0","0","0","0","0","0","itemSell0069.ent","itemSell0069s.ent","itemSell0069t.ent","0","0","0","0","0","0","0","0","0","0","0","0","","","","","","","","","0","",""
"60068","9","100级女衣制造书","0","0","0","60058","记载各种装备武器制造方法的书卷。","【种类 女衣 等级 100】","0","0","0","","","0","0","0","0","0","0","0","0","0","100","0","0","0","1","1","1","0","0","1","0","0","0","0","0","0","0","0","0","0","0","0","0","0","0","0","0","0","0","0","0","0","0","0","0","0","0","0","0","0","99","2","6","0","0","0","0","0","0","0","0","0","0","0","0","0","0","0","0","0","0","0","0","0","0","0","0","0","0","0","0","0","0","0","0","0","0","0","0","0","0","0","0","0","0","0","0","0","0","0","0","0","0","0","0","0","0","0","0","0","0","0","0","0","0","0","0","0","0","0","0","0","0","0","0","0","0","0","0","0","0","0","0","0","0","0","0","0","itemSell0069.ent","itemSell0069s.ent","itemSell0069t.ent","0","0","0","0","0","0","0","0","0","0","0","0","","","","","","","","","0","",""
"60069","9","110级女衣制造书","0","0","0","60058","记载各种装备武器制造方法的书卷。","【种类 女衣 等级 110】","0","0","0","","","0","0","0","0","0","0","0","0","0","110","0","0","0","1","1","1","0","0","1","0","0","0","0","0","0","0","0","0","0","0","0","0","0","0","0","0","0","0","0","0","0","0","0","0","0","0","0","0","0","99","2","6","0","0","0","0","0","0","0","0","0","0","0","0","0","0","0","0","0","0","0","0","0","0","0","0","0","0","0","0","0","0","0","0","0","0","0","0","0","0","0","0","0","0","0","0","0","0","0","0","0","0","0","0","0","0","0","0","0","0","0","0","0","0","0","0","0","0","0","0","0","0","0","0","0","0","0","0","0","0","0","0","0","0","0","0","0","itemSell0069.ent","itemSell0069s.ent","itemSell0069t.ent","0","0","0","0","0","0","0","0","0","0","0","0","","","","","","","","","0","",""
"60070","9","120级女衣制造书","0","0","0","60058","记载各种装备武器制造方法的书卷。","【种类 女衣 等级 120】","0","0","0","","","0","0","0","0","0","0","0","0","0","120","0","0","0","1","1","1","0","0","1","0","0","0","0","0","0","0","0","0","0","0","0","0","0","0","0","0","0","0","0","0","0","0","0","0","0","0","0","0","0","99","2","6","0","0","0","0","0","0","0","0","0","0","0","0","0","0","0","0","0","0","0","0","0","0","0","0","0","0","0","0","0","0","0","0","0","0","0","0","0","0","0","0","0","0","0","0","0","0","0","0","0","0","0","0","0","0","0","0","0","0","0","0","0","0","0","0","0","0","0","0","0","0","0","0","0","0","0","0","0","0","0","0","0","0","0","0","0","itemSell0069.ent","itemSell0069s.ent","itemSell0069t.ent","0","0","0","0","0","0","0","0","0","0","0","0","","","","","","","","","0","",""
"60084","9","100级男头制造书","0","0","0","60074","记载各种装备武器制造方法的书卷。","【种类 男头 等级 100】","0","0","0","","","0","0","0","0","0","0","0","0","0","100","0","0","0","1","1","1","0","0","1","0","0","0","0","0","0","0","0","0","0","0","0","0","0","0","0","0","0","0","0","0","0","0","0","0","0","0","0","0","0","99","2","6","0","0","0","0","0","0","0","0","0","0","0","0","0","0","0","0","0","0","0","0","0","0","0","0","0","0","0","0","0","0","0","0","0","0","0","0","0","0","0","0","0","0","0","0","0","0","0","0","0","0","0","0","0","0","0","0","0","0","0","0","0","0","0","0","0","0","0","0","0","0","0","0","0","0","0","0","0","0","0","0","0","0","0","0","0","itemSell0069.ent","itemSell0069s.ent","itemSell0069t.ent","0","0","0","0","0","0","0","0","0","0","0","0","","","","","","","","","0","",""
"60085","9","110级男头制造书","0","0","0","60074","记载各种装备武器制造方法的书卷。","【种类 男头 等级 110】","0","0","0","","","0","0","0","0","0","0","0","0","0","110","0","0","0","1","1","1","0","0","1","0","0","0","0","0","0","0","0","0","0","0","0","0","0","0","0","0","0","0","0","0","0","0","0","0","0","0","0","0","0","99","2","6","0","0","0","0","0","0","0","0","0","0","0","0","0","0","0","0","0","0","0","0","0","0","0","0","0","0","0","0","0","0","0","0","0","0","0","0","0","0","0","0","0","0","0","0","0","0","0","0","0","0","0","0","0","0","0","0","0","0","0","0","0","0","0","0","0","0","0","0","0","0","0","0","0","0","0","0","0","0","0","0","0","0","0","0","0","itemSell0069.ent","itemSell0069s.ent","itemSell0069t.ent","0","0","0","0","0","0","0","0","0","0","0","0","","","","","","","","","0","",""
"60086","9","120级男头制造书","0","0","0","60074","记载各种装备武器制造方法的书卷。","【种类 男头 等级 120】","0","0","0","","","0","0","0","0","0","0","0","0","0","120","0","0","0","1","1","1","0","0","1","0","0","0","0","0","0","0","0","0","0","0","0","0","0","0","0","0","0","0","0","0","0","0","0","0","0","0","0","0","0","99","2","6","0","0","0","0","0","0","0","0","0","0","0","0","0","0","0","0","0","0","0","0","0","0","0","0","0","0","0","0","0","0","0","0","0","0","0","0","0","0","0","0","0","0","0","0","0","0","0","0","0","0","0","0","0","0","0","0","0","0","0","0","0","0","0","0","0","0","0","0","0","0","0","0","0","0","0","0","0","0","0","0","0","0","0","0","0","itemSell0069.ent","itemSell0069s.ent","itemSell0069t.ent","0","0","0","0","0","0","0","0","0","0","0","0","","","","","","","","","0","",""
"60100","9","100级女头制造书","0","0","0","60090","记载各种装备武器制造方法的书卷。","【种类 女头 等级 100】","0","0","0","","","0","0","0","0","0","0","0","0","0","100","0","0","0","1","1","1","0","0","1","0","0","0","0","0","0","0","0","0","0","0","0","0","0","0","0","0","0","0","0","0","0","0","0","0","0","0","0","0","0","99","2","6","0","0","0","0","0","0","0","0","0","0","0","0","0","0","0","0","0","0","0","0","0","0","0","0","0","0","0","0","0","0","0","0","0","0","0","0","0","0","0","0","0","0","0","0","0","0","0","0","0","0","0","0","0","0","0","0","0","0","0","0","0","0","0","0","0","0","0","0","0","0","0","0","0","0","0","0","0","0","0","0","0","0","0","0","0","itemSell0069.ent","itemSell0069s.ent","itemSell0069t.ent","0","0","0","0","0","0","0","0","0","0","0","0","","","","","","","","","0","",""
"60101","9","110级女头制造书","0","0","0","60090","记载各种装备武器制造方法的书卷。","【种类 女头 等级 110】","0","0","0","","","0","0","0","0","0","0","0","0","0","110","0","0","0","1","1","1","0","0","1","0","0","0","0","0","0","0","0","0","0","0","0","0","0","0","0","0","0","0","0","0","0","0","0","0","0","0","0","0","0","99","2","6","0","0","0","0","0","0","0","0","0","0","0","0","0","0","0","0","0","0","0","0","0","0","0","0","0","0","0","0","0","0","0","0","0","0","0","0","0","0","0","0","0","0","0","0","0","0","0","0","0","0","0","0","0","0","0","0","0","0","0","0","0","0","0","0","0","0","0","0","0","0","0","0","0","0","0","0","0","0","0","0","0","0","0","0","0","itemSell0069.ent","itemSell0069s.ent","itemSell0069t.ent","0","0","0","0","0","0","0","0","0","0","0","0","","","","","","","","","0","",""
"60102","9","120级女头制造书","0","0","0","60090","记载各种装备武器制造方法的书卷。","【种类 女头 等级 120】","0","0","0","","","0","0","0","0","0","0","0","0","0","120","0","0","0","1","1","1","0","0","1","0","0","0","0","0","0","0","0","0","0","0","0","0","0","0","0","0","0","0","0","0","0","0","0","0","0","0","0","0","0","99","2","6","0","0","0","0","0","0","0","0","0","0","0","0","0","0","0","0","0","0","0","0","0","0","0","0","0","0","0","0","0","0","0","0","0","0","0","0","0","0","0","0","0","0","0","0","0","0","0","0","0","0","0","0","0","0","0","0","0","0","0","0","0","0","0","0","0","0","0","0","0","0","0","0","0","0","0","0","0","0","0","0","0","0","0","0","0","itemSell0069.ent","itemSell0069s.ent","itemSell0069t.ent","0","0","0","0","0","0","0","0","0","0","0","0","","","","","","","","","0","",""
"60116","9","100级鞋子制造书","0","0","0","60106","记载各种装备武器制造方法的书卷。","【种类 鞋子 等级 100】","0","0","0","","","0","0","0","0","0","0","0","0","0","100","0","0","0","1","1","1","0","0","1","0","0","0","0","0","0","0","0","0","0","0","0","0","0","0","0","0","0","0","0","0","0","0","0","0","0","0","0","0","0","99","2","6","0","0","0","0","0","0","0","0","0","0","0","0","0","0","0","0","0","0","0","0","0","0","0","0","0","0","0","0","0","0","0","0","0","0","0","0","0","0","0","0","0","0","0","0","0","0","0","0","0","0","0","0","0","0","0","0","0","0","0","0","0","0","0","0","0","0","0","0","0","0","0","0","0","0","0","0","0","0","0","0","0","0","0","0","0","itemSell0069.ent","itemSell0069s.ent","itemSell0069t.ent","0","0","0","0","0","0","0","0","0","0","0","0","","","","","","","","","0","",""
"60117","9","110级鞋子制造书","0","0","0","60106","记载各种装备武器制造方法的书卷。","【种类 鞋子 等级 110】","0","0","0","","","0","0","0","0","0","0","0","0","0","110","0","0","0","1","1","1","0","0","1","0","0","0","0","0","0","0","0","0","0","0","0","0","0","0","0","0","0","0","0","0","0","0","0","0","0","0","0","0","0","99","2","6","0","0","0","0","0","0","0","0","0","0","0","0","0","0","0","0","0","0","0","0","0","0","0","0","0","0","0","0","0","0","0","0","0","0","0","0","0","0","0","0","0","0","0","0","0","0","0","0","0","0","0","0","0","0","0","0","0","0","0","0","0","0","0","0","0","0","0","0","0","0","0","0","0","0","0","0","0","0","0","0","0","0","0","0","0","itemSell0069.ent","itemSell0069s.ent","itemSell0069t.ent","0","0","0","0","0","0","0","0","0","0","0","0","","","","","","","","","0","",""
"60118","9","120级鞋子制造书","0","0","0","60106","记载各种装备武器制造方法的书卷。","【种类 鞋子 等级 120】","0","0","0","","","0","0","0","0","0","0","0","0","0","120","0","0","0","1","1","1","0","0","1","0","0","0","0","0","0","0","0","0","0","0","0","0","0","0","0","0","0","0","0","0","0","0","0","0","0","0","0","0","0","99","2","6","0","0","0","0","0","0","0","0","0","0","0","0","0","0","0","0","0","0","0","0","0","0","0","0","0","0","0","0","0","0","0","0","0","0","0","0","0","0","0","0","0","0","0","0","0","0","0","0","0","0","0","0","0","0","0","0","0","0","0","0","0","0","0","0","0","0","0","0","0","0","0","0","0","0","0","0","0","0","0","0","0","0","0","0","0","itemSell0069.ent","itemSell0069s.ent","itemSell0069t.ent","0","0","0","0","0","0","0","0","0","0","0","0","","","","","","","","","0","",""
"60318","9","100级铠甲制造书","0","0","0","60300","记载各种装备武器制造方法的书卷。","【种类 铠甲 等级 100】","0","0","0","","","0","0","0","0","0","0","0","0","0","100","0","0","0","1","1","1","0","0","1","0","0","0","0","0","0","0","0","0","0","0","0","0","0","0","0","0","0","0","0","0","0","0","0","0","0","0","0","0","0","99","2","6","0","0","0","0","0","0","0","0","0","0","0","0","0","0","0","0","0","0","0","0","0","0","0","0","0","0","0","0","0","0","0","0","0","0","0","0","0","0","0","0","0","0","0","0","0","0","0","0","0","0","0","0","0","0","0","0","0","0","0","0","0","0","0","0","0","0","0","0","0","0","0","0","0","0","0","0","0","0","0","0","0","0","0","0","0","itemSell0069.ent","itemSell0069s.ent","itemSell0069t.ent","0","0","0","0","0","0","0","0","0","0","0","0","","","","","","","","","0","",""
"60311","9","110级铠甲制造书","0","0","0","60300","记载各种装备武器制造方法的书卷。","【种类 铠甲 等级 110】","0","0","0","","","0","0","0","0","0","0","0","0","0","110","0","0","0","1","1","1","0","0","1","0","0","0","0","0","0","0","0","0","0","0","0","0","0","0","0","0","0","0","0","0","0","0","0","0","0","0","0","0","0","99","2","6","0","0","0","0","0","0","0","0","0","0","0","0","0","0","0","0","0","0","0","0","0","0","0","0","0","0","0","0","0","0","0","0","0","0","0","0","0","0","0","0","0","0","0","0","0","0","0","0","0","0","0","0","0","0","0","0","0","0","0","0","0","0","0","0","0","0","0","0","0","0","0","0","0","0","0","0","0","0","0","0","0","0","0","0","0","itemSell0069.ent","itemSell0069s.ent","itemSell0069t.ent","0","0","0","0","0","0","0","0","0","0","0","0","","","","","","","","","0","",""
"60312","9","120级铠甲制造书","0","0","0","60300","记载各种装备武器制造方法的书卷。","【种类 铠甲 等级 120】","0","0","0","","","0","0","0","0","0","0","0","0","0","120","0","0","0","1","1","1","0","0","1","0","0","0","0","0","0","0","0","0","0","0","0","0","0","0","0","0","0","0","0","0","0","0","0","0","0","0","0","0","0","99","2","6","0","0","0","0","0","0","0","0","0","0","0","0","0","0","0","0","0","0","0","0","0","0","0","0","0","0","0","0","0","0","0","0","0","0","0","0","0","0","0","0","0","0","0","0","0","0","0","0","0","0","0","0","0","0","0","0","0","0","0","0","0","0","0","0","0","0","0","0","0","0","0","0","0","0","0","0","0","0","0","0","0","0","0","0","0","itemSell0069.ent","itemSell0069s.ent","itemSell0069t.ent","0","0","0","0","0","0","0","0","0","0","0","0","","","","","","","","","0","",""
"403282","8","制造指南书【巨魔王】","0","0","0","20159","记载各种装备武器制造方法的书卷。","【种类 斧头 等级 100 巨魔王】","0","0","0","","","0","0","0","0","0","0","0","0","0","100","0","0","0","1","1","1","0","0","1","0","0","0","0","0","0","0","0","0","0","0","0","0","0","0","0","0","0","0","0","0","0","0","0","0","0","0","0","0","0","99","2","6","0","0","0","0","0","0","0","0","0","0","0","0","0","0","0","0","0","0","0","0","0","0","0","0","0","0","0","0","0","0","0","0","0","0","0","0","0","0","0","0","0","0","0","0","0","0","0","0","0","0","0","0","0","0","0","0","0","0","0","0","0","0","0","0","0","0","0","0","0","0","0","0","0","0","0","0","0","0","0","0","0","0","0","0","0","itemSell0069.ent","itemSell0069s.ent","itemSell0069t.ent","0","0","0","0","0","0","0","0","0","0","0","0","","","","","","","","","0","",""
"403283","8","制造指南书【巨魔王】","0","0","0","20160","记载各种装备武器制造方法的书卷。","【种类 斧头 等级 110 巨魔王】","0","0","0","","","0","0","0","0","0","0","0","0","0","110","0","0","0","1","1","1","0","0","1","0","0","0","0","0","0","0","0","0","0","0","0","0","0","0","0","0","0","0","0","0","0","0","0","0","0","0","0","0","0","99","2","6","0","0","0","0","0","0","0","0","0","0","0","0","0","0","0","0","0","0","0","0","0","0","0","0","0","0","0","0","0","0","0","0","0","0","0","0","0","0","0","0","0","0","0","0","0","0","0","0","0","0","0","0","0","0","0","0","0","0","0","0","0","0","0","0","0","0","0","0","0","0","0","0","0","0","0","0","0","0","0","0","0","0","0","0","0","itemSell0069.ent","itemSell0069s.ent","itemSell0069t.ent","0","0","0","0","0","0","0","0","0","0","0","0","","","","","","","","","0","",""
"403284","8","制造指南书【巨魔王】","0","0","0","20161","记载各种装备武器制造方法的书卷。","【种类 斧头 等级 120 巨魔王】","0","0","0","","","0","0","0","0","0","0","0","0","0","120","0","0","0","1","1","1","0","0","1","0","0","0","0","0","0","0","0","0","0","0","0","0","0","0","0","0","0","0","0","0","0","0","0","0","0","0","0","0","0","99","2","6","0","0","0","0","0","0","0","0","0","0","0","0","0","0","0","0","0","0","0","0","0","0","0","0","0","0","0","0","0","0","0","0","0","0","0","0","0","0","0","0","0","0","0","0","0","0","0","0","0","0","0","0","0","0","0","0","0","0","0","0","0","0","0","0","0","0","0","0","0","0","0","0","0","0","0","0","0","0","0","0","0","0","0","0","0","itemSell0069.ent","itemSell0069s.ent","itemSell0069t.ent","0","0","0","0","0","0","0","0","0","0","0","0","","","","","","","","","0","",""
"403376","8","制造指南书【新飞燕女】","0","0","0","20239","记载各种装备武器制造方法的书卷。","【种类 双剑 等级 100】","0","0","0","","","0","0","0","0","0","0","0","0","0","100","0","0","0","1","1","1","0","0","1","0","0","0","0","0","0","0","0","0","0","0","0","0","0","0","0","0","0","0","0","0","0","0","0","0","0","0","0","0","0","99","2","6","0","0","0","0","0","0","0","0","0","0","0","0","0","0","0","0","0","0","0","0","0","0","0","0","0","0","0","0","0","0","0","0","0","0","0","0","0","0","0","0","0","0","0","0","0","0","0","0","0","0","0","0","0","0","0","0","0","0","0","0","0","0","0","0","0","0","0","0","0","0","0","0","0","0","0","0","0","0","0","0","0","0","0","0","0","itemSell0069.ent","itemSell0069s.ent","itemSell0069t.ent","0","0","0","0","0","0","0","0","0","0","0","0","","","","","","","","","0","",""
"403377","8","制造指南书【新飞燕女】","0","0","0","20240","记载各种装备武器制造方法的书卷。","【种类 双剑 等级 110】","0","0","0","","","0","0","0","0","0","0","0","0","0","110","0","0","0","1","1","1","0","0","1","0","0","0","0","0","0","0","0","0","0","0","0","0","0","0","0","0","0","0","0","0","0","0","0","0","0","0","0","0","0","99","2","6","0","0","0","0","0","0","0","0","0","0","0","0","0","0","0","0","0","0","0","0","0","0","0","0","0","0","0","0","0","0","0","0","0","0","0","0","0","0","0","0","0","0","0","0","0","0","0","0","0","0","0","0","0","0","0","0","0","0","0","0","0","0","0","0","0","0","0","0","0","0","0","0","0","0","0","0","0","0","0","0","0","0","0","0","0","itemSell0069.ent","itemSell0069s.ent","itemSell0069t.ent","0","0","0","0","0","0","0","0","0","0","0","0","","","","","","","","","0","",""
"403378","8","制造指南书【新飞燕女】","0","0","0","20241","记载各种装备武器制造方法的书卷。","【种类 双剑 等级 120】","0","0","0","","","0","0","0","0","0","0","0","0","0","120","0","0","0","1","1","1","0","0","1","0","0","0","0","0","0","0","0","0","0","0","0","0","0","0","0","0","0","0","0","0","0","0","0","0","0","0","0","0","0","99","2","6","0","0","0","0","0","0","0","0","0","0","0","0","0","0","0","0","0","0","0","0","0","0","0","0","0","0","0","0","0","0","0","0","0","0","0","0","0","0","0","0","0","0","0","0","0","0","0","0","0","0","0","0","0","0","0","0","0","0","0","0","0","0","0","0","0","0","0","0","0","0","0","0","0","0","0","0","0","0","0","0","0","0","0","0","0","itemSell0069.ent","itemSell0069s.ent","itemSell0069t.ent","0","0","0","0","0","0","0","0","0","0","0","0","","","","","","","","","0","",""
