"60940","1","暗夜","0","3","3","10120","通体乌黑,极细的枪尖无形中直抵咽喉,如暗夜中引魂之手","右键点击装备。","14000","0","0","","","0","0","0","0","0","0","1","0","0","30","0","0","2","1","1","1","1","0","0","1","1","0","0","0","0","0","0","0","0","0","0","0","0","0","0","0","0","0","0","0","0","0","0","0","0","0","0","0","0","1","2","0","1","0","0","0","0","0","0","0","0","0","0","0","0","0","0","0","0","0","255","500","10","1","2","21","0","21","0","21","0","21","0","21","0","280","364","0","0","325","422","0","0","0","0","0","0","0","0","0","0","0","0","0","0","0","0","0","0","0","0","0","0","0","0","0","0","0","0","0","0","0","0","0","0","0","0","0","0","0","0","0","0","0","0","0","0","itemW0719.ent","itemW0719s.ent","itemW0719t.ent","0","0","0","0","0","0","w00707_t101.ent","20160938.wav","00085193.wav","0","0","0","","","","","","","9999","1000","0","",""
"60941","1","暗夜","0","3","3","10121","通体乌黑,极细的枪尖无形中直抵咽喉,如暗夜中引魂之手","右键点击装备。","14000","0","0","","","0","0","0","0","0","0","1","0","0","30","0","0","2","1","1","1","1","0","0","1","1","0","0","0","0","0","0","0","0","0","0","0","0","0","0","0","0","0","0","0","0","0","0","0","0","0","0","0","0","1","2","0","1","0","0","0","0","0","0","0","0","0","0","0","0","0","0","0","0","0","255","500","10","1","2","24","0","24","0","24","0","24","0","24","0","310","403","0","0","360","468","0","0","0","0","0","0","0","0","0","0","0","0","0","0","0","0","0","0","0","0","0","0","0","0","0","0","0","0","0","0","0","0","0","0","0","0","0","0","0","0","0","0","0","0","0","0","itemW0719.ent","itemW0719s.ent","itemW0719t.ent","0","0","0","0","0","0","w00707_t101.ent","20160938.wav","00085193.wav","0","0","0","","","","","","","9999","1000","0","",""
"60942","1","暗夜","0","3","3","10122","通体乌黑,极细的枪尖无形中直抵咽喉,如暗夜中引魂之手","右键点击装备。","14000","0","0","","","0","0","0","0","0","0","1","0","0","30","0","0","2","1","1","1","1","0","0","1","1","0","0","0","0","0","0","0","0","0","0","0","0","0","0","0","0","0","0","0","0","0","0","0","0","0","0","0","0","1","2","0","1","0","0","0","0","0","0","0","0","0","0","0","0","0","0","0","0","0","255","500","10","1","2","26","0","26","0","26","0","26","0","26","0","340","442","0","0","395","513","0","0","0","0","0","0","0","0","0","0","0","0","0","0","0","0","0","0","0","0","0","0","0","0","0","0","0","0","0","0","0","0","0","0","0","0","0","0","0","0","0","0","0","0","0","0","itemW0719.ent","itemW0719s.ent","itemW0719t.ent","0","0","0","0","0","0","w00707_t101.ent","20160938.wav","00085193.wav","0","0","0","","","","","","","9999","1000","0","",""
"60943","1","梨花","0","3","3","10123","锋刃五裂似梨花绽放,粉红的枪缨银白的枪,尽显潇洒风流","右键点击装备。","14000","0","0","","","0","0","0","0","0","0","1","0","0","30","0","0","2","1","1","1","1","0","0","1","1","0","0","0","0","0","0","0","0","0","0","0","0","0","0","0","0","0","0","0","0","0","0","0","0","0","0","0","0","1","2","0","1","0","0","0","0","0","0","0","0","0","0","0","0","0","0","0","0","0","255","500","10","1","2","21","0","21","0","21","0","21","0","21","0","280","364","0","0","325","422","0","0","0","0","0","0","0","0","0","0","0","0","0","0","0","0","0","0","0","0","0","0","0","0","0","0","0","0","0","0","0","0","0","0","0","0","0","0","0","0","0","0","0","0","0","0","itemW0721.ent","itemW0721s.ent","itemW0721t.ent","0","0","0","0","0","0","w00709_t101.ent","20160938.wav","00085193.wav","0","0","0","","","","","","","9999","1000","0","",""
"60944","1","梨花","0","3","3","10124","锋刃五裂似梨花绽放,粉红的枪缨银白的枪,尽显潇洒风流","右键点击装备。","14000","0","0","","","0","0","0","0","0","0","1","0","0","30","0","0","2","1","1","1","1","0","0","1","1","0","0","0","0","0","0","0","0","0","0","0","0","0","0","0","0","0","0","0","0","0","0","0","0","0","0","0","0","1","2","0","1","0","0","0","0","0","0","0","0","0","0","0","0","0","0","0","0","0","255","500","10","1","2","24","0","24","0","24","0","24","0","24","0","310","403","0","0","360","468","0","0","0","0","0","0","0","0","0","0","0","0","0","0","0","0","0","0","0","0","0","0","0","0","0","0","0","0","0","0","0","0","0","0","0","0","0","0","0","0","0","0","0","0","0","0","itemW0721.ent","itemW0721s.ent","itemW0721t.ent","0","0","0","0","0","0","w00709_t101.ent","20160938.wav","00085193.wav","0","0","0","","","","","","","9999","1000","0","",""
"60945","1","梨花","0","3","3","10125","锋刃五裂似梨花绽放,粉红的枪缨银白的枪,尽显潇洒风流","右键点击装备。","14000","0","0","","","0","0","0","0","0","0","1","0","0","30","0","0","2","1","1","1","1","0","0","1","1","0","0","0","0","0","0","0","0","0","0","0","0","0","0","0","0","0","0","0","0","0","0","0","0","0","0","0","0","1","2","0","1","0","0","0","0","0","0","0","0","0","0","0","0","0","0","0","0","0","255","500","10","1","2","26","0","26","0","26","0","26","0","26","0","340","442","0","0","395","513","0","0","0","0","0","0","0","0","0","0","0","0","0","0","0","0","0","0","0","0","0","0","0","0","0","0","0","0","0","0","0","0","0","0","0","0","0","0","0","0","0","0","0","0","0","0","itemW0721.ent","itemW0721s.ent","itemW0721t.ent","0","0","0","0","0","0","w00709_t101.ent","20160938.wav","00085193.wav","0","0","0","","","","","","","9999","1000","0","",""
"60946","1","霹雳","0","3","3","10126","以万古溶岩之火锤炼，枪杆似古树盘结，枪尖似雷霆霹雳","右键点击装备。","14000","0","0","","","0","0","0","0","0","0","1","0","0","30","0","0","2","1","1","1","1","0","0","1","1","0","0","0","0","0","0","0","0","0","0","0","0","0","0","0","0","0","0","0","0","0","0","0","0","0","0","0","0","1","2","0","1","0","0","0","0","0","0","0","0","0","0","0","0","0","0","0","0","0","255","500","10","1","2","21","0","21","0","21","0","21","0","21","0","280","364","0","0","325","422","0","0","0","0","0","0","0","0","0","0","0","0","0","0","0","0","0","0","0","0","0","0","0","0","0","0","0","0","0","0","0","0","0","0","0","0","0","0","0","0","0","0","0","0","0","0","itemW0723.ent","itemW0723s.ent","itemW0723t.ent","0","0","0","0","0","0","w00711_t101.ent","20160938.wav","00085193.wav","0","0","0","","","","","","","9999","1000","0","",""
"60947","1","霹雳","0","3","3","10127","以万古溶岩之火锤炼，枪杆似古树盘结，枪尖似雷霆霹雳","右键点击装备。","14000","0","0","","","0","0","0","0","0","0","1","0","0","30","0","0","2","1","1","1","1","0","0","1","1","0","0","0","0","0","0","0","0","0","0","0","0","0","0","0","0","0","0","0","0","0","0","0","0","0","0","0","0","1","2","0","1","0","0","0","0","0","0","0","0","0","0","0","0","0","0","0","0","0","255","500","10","1","2","24","0","24","0","24","0","24","0","24","0","310","403","0","0","360","468","0","0","0","0","0","0","0","0","0","0","0","0","0","0","0","0","0","0","0","0","0","0","0","0","0","0","0","0","0","0","0","0","0","0","0","0","0","0","0","0","0","0","0","0","0","0","itemW0723.ent","itemW0723s.ent","itemW0723t.ent","0","0","0","0","0","0","w00711_t101.ent","20160938.wav","00085193.wav","0","0","0","","","","","","","9999","1000","0","",""
"60948","1","霹雳","0","3","3","10128","以万古溶岩之火锤炼，枪杆似古树盘结，枪尖似雷霆霹雳","右键点击装备。","14000","0","0","","","0","0","0","0","0","0","1","0","0","30","0","0","2","1","1","1","1","0","0","1","1","0","0","0","0","0","0","0","0","0","0","0","0","0","0","0","0","0","0","0","0","0","0","0","0","0","0","0","0","1","2","0","1","0","0","0","0","0","0","0","0","0","0","0","0","0","0","0","0","0","255","500","10","1","2","26","0","26","0","26","0","26","0","26","0","340","442","0","0","395","513","0","0","0","0","0","0","0","0","0","0","0","0","0","0","0","0","0","0","0","0","0","0","0","0","0","0","0","0","0","0","0","0","0","0","0","0","0","0","0","0","0","0","0","0","0","0","itemW0723.ent","itemW0723s.ent","itemW0723t.ent","0","0","0","0","0","0","w00711_t101.ent","20160938.wav","00085193.wav","0","0","0","","","","","","","9999","1000","0","",""
"60949","1","刑天之逆","0","3","3","10129","刑天应劫而出，劫分天兵火水土，此即为其应兵劫之武器。形长两丈，刃如月牙，锋似寒星，身雕百龙蟠纹，挥舞直欲搅碎银汉，号为枪中霸君。","右键点击装备。","14000","0","0","","","0","0","0","0","0","0","1","0","0","30","0","0","2","1","1","1","1","0","0","1","1","0","0","0","0","0","0","0","0","0","0","0","0","0","0","0","0","0","0","0","0","0","0","0","0","0","0","0","0","1","2","0","1","0","0","0","0","0","0","0","0","0","0","0","0","0","0","0","0","0","255","500","10","1","2","28","0","28","0","28","0","28","0","28","0","370","481","0","0","430","559","0","0","0","0","0","0","0","0","0","0","0","0","0","0","0","0","0","0","0","0","0","0","0","0","0","0","0","0","0","0","0","0","0","0","0","0","0","0","0","0","0","0","0","0","0","0","itemW0725.ent","itemW0725s.ent","itemW0725t.ent","0","0","0","0","0","0","w00713_t101.ent","20160938.wav","00085193.wav","0","0","0","","","","","","","9999","1000","0","",""
"60950","1","刑天之逆","0","3","3","10130","刑天应劫而出，劫分天兵火水土，此即为其应兵劫之武器。形长两丈，刃如月牙，锋似寒星，身雕百龙蟠纹，挥舞直欲搅碎银汉，号为枪中霸君。","右键点击装备。","14000","0","0","","","0","0","0","0","0","0","1","0","0","30","0","0","2","1","1","1","1","0","0","1","1","0","0","0","0","0","0","0","0","0","0","0","0","0","0","0","0","0","0","0","0","0","0","0","0","0","0","0","0","1","2","0","1","0","0","0","0","0","0","0","0","0","0","0","0","0","0","0","0","0","255","500","10","1","2","31","0","31","0","31","0","31","0","31","0","400","520","0","0","465","604","0","0","0","0","0","0","0","0","0","0","0","0","0","0","0","0","0","0","0","0","0","0","0","0","0","0","0","0","0","0","0","0","0","0","0","0","0","0","0","0","0","0","0","0","0","0","itemW0725.ent","itemW0725s.ent","itemW0725t.ent","0","0","0","0","0","0","w00713_t101.ent","20160938.wav","00085193.wav","0","0","0","","","","","","","9999","1000","0","",""
"60951","1","刑天之逆","0","3","3","10131","刑天应劫而出，劫分天兵火水土，此即为其应兵劫之武器。形长两丈，刃如月牙，锋似寒星，身雕百龙蟠纹，挥舞直欲搅碎银汉，号为枪中霸君。","右键点击装备。","14000","0","0","","","0","0","0","0","0","0","1","0","0","30","0","0","2","1","1","1","1","0","0","1","1","0","0","0","0","0","0","0","0","0","0","0","0","0","0","0","0","0","0","0","0","0","0","0","0","0","0","0","0","1","2","0","1","0","0","0","0","0","0","0","0","0","0","0","0","0","0","0","0","0","255","500","10","1","2","33","0","33","0","33","0","33","0","33","0","430","559","0","0","500","650","0","0","0","0","0","0","0","0","0","0","0","0","0","0","0","0","0","0","0","0","0","0","0","0","0","0","0","0","0","0","0","0","0","0","0","0","0","0","0","0","0","0","0","0","0","0","itemW0725.ent","itemW0725s.ent","itemW0725t.ent","0","0","0","0","0","0","w00713_t101.ent","20160938.wav","00085193.wav","0","0","0","","","","","","","9999","1000","0","",""
"60952","1","五虎断魂","0","3","3","10132","出如虎奔，刺如虎爪，扫如虎尾，锁如虎噬，声如虎啸；使敌魂断胆破，不战自溃，谓之“五虎断魂”，有枪中王者之气。","右键点击装备。","14000","0","0","","","0","0","0","0","0","0","1","0","0","30","0","0","2","1","1","1","1","0","0","1","1","0","0","0","0","0","0","0","0","0","0","0","0","0","0","0","0","0","0","0","0","0","0","0","0","0","0","0","0","1","2","0","1","0","0","0","0","0","0","0","0","0","0","0","0","0","0","0","0","0","255","500","10","1","2","0","28","0","28","0","28","0","28","0","28","370","481","0","0","430","559","0","0","0","0","0","0","0","0","0","0","0","0","0","0","0","0","0","0","0","0","0","0","0","0","0","0","0","0","0","0","0","0","0","0","0","0","0","0","0","0","0","0","0","0","0","0","itemW0726.ent","itemW0726s.ent","itemW0726t.ent","0","0","0","0","0","0","w00714_t101.ent","20160938.wav","00085193.wav","0","0","0","","","","","","","9999","1000","0","",""
"60953","1","五虎断魂","0","3","3","10133","出如虎奔，刺如虎爪，扫如虎尾，锁如虎噬，声如虎啸；使敌魂断胆破，不战自溃，谓之“五虎断魂”，有枪中王者之气。","右键点击装备。","14000","0","0","","","0","0","0","0","0","0","1","0","0","30","0","0","2","1","1","1","1","0","0","1","1","0","0","0","0","0","0","0","0","0","0","0","0","0","0","0","0","0","0","0","0","0","0","0","0","0","0","0","0","1","2","0","1","0","0","0","0","0","0","0","0","0","0","0","0","0","0","0","0","0","255","500","10","1","2","0","31","0","31","0","31","0","31","0","31","400","520","0","0","465","604","0","0","0","0","0","0","0","0","0","0","0","0","0","0","0","0","0","0","0","0","0","0","0","0","0","0","0","0","0","0","0","0","0","0","0","0","0","0","0","0","0","0","0","0","0","0","itemW0726.ent","itemW0726s.ent","itemW0726t.ent","0","0","0","0","0","0","w00714_t101.ent","20160938.wav","00085193.wav","0","0","0","","","","","","","9999","1000","0","",""
"60954","1","五虎断魂","0","3","3","10134","出如虎奔，刺如虎爪，扫如虎尾，锁如虎噬，声如虎啸；使敌魂断胆破，不战自溃，谓之“五虎断魂”，有枪中王者之气。","右键点击装备。","14000","0","0","","","0","0","0","0","0","0","1","0","0","30","0","0","2","1","1","1","1","0","0","1","1","0","0","0","0","0","0","0","0","0","0","0","0","0","0","0","0","0","0","0","0","0","0","0","0","0","0","0","0","1","2","0","1","0","0","0","0","0","0","0","0","0","0","0","0","0","0","0","0","0","255","500","10","1","2","100","150","100","150","100","150","100","150","100","150","600","800","0","0","800","1200","0","0","0","0","0","0","0","0","0","0","0","0","0","0","0","0","0","0","0","0","0","0","0","0","0","0","0","0","0","0","0","0","0","0","0","0","0","0","0","0","0","0","0","0","0","0","itemW0726.ent","itemW0726s.ent","itemW0726t.ent","0","0","0","0","0","0","w00714_t101.ent","20160938.wav","00085193.wav","0","0","0","","","","","","","9999","1000","0","",""
"60955","1","飞龙在天","0","3","3","10135","曾为文殊菩萨降妖密宝，如今幻化为一杆金龙宝枪。此枪掷出可化为飞龙，从万丈高空俯冲而下，撕碎敌人。","右键点击装备。","14000","0","0","","","0","0","0","0","0","0","1","0","0","30","0","0","2","1","1","1","1","0","0","1","1","0","0","0","0","0","0","0","0","0","0","0","0","0","0","0","0","0","0","0","0","0","0","0","0","0","0","0","0","1","2","0","1","0","0","0","0","0","0","0","0","0","0","0","0","0","0","0","0","0","255","500","10","1","2","28","0","28","0","28","0","28","0","28","0","370","481","0","0","430","559","0","0","0","0","0","0","0","0","0","0","0","0","0","0","0","0","0","0","0","0","0","0","0","0","0","0","0","0","0","0","0","0","0","0","0","0","0","0","0","0","0","0","0","0","0","0","itemW0727.ent","itemW0727s.ent","itemW0727t.ent","0","0","0","0","0","0","w00715_t101.ent","20160938.wav","00085193.wav","0","0","0","","","","","","","9999","1000","0","",""
"60956","1","飞龙在天","0","3","3","10136","曾为文殊菩萨降妖密宝，如今幻化为一杆金龙宝枪。此枪掷出可化为飞龙，从万丈高空俯冲而下，撕碎敌人。","右键点击装备。","14000","0","0","","","0","0","0","0","0","0","1","0","0","30","0","0","2","1","1","1","1","0","0","1","1","0","0","0","0","0","0","0","0","0","0","0","0","0","0","0","0","0","0","0","0","0","0","0","0","0","0","0","0","1","2","0","1","0","0","0","0","0","0","0","0","0","0","0","0","0","0","0","0","0","255","500","10","1","2","31","0","31","0","31","0","31","0","31","0","400","520","0","0","465","604","0","0","0","0","0","0","0","0","0","0","0","0","0","0","0","0","0","0","0","0","0","0","0","0","0","0","0","0","0","0","0","0","0","0","0","0","0","0","0","0","0","0","0","0","0","0","itemW0727.ent","itemW0727s.ent","itemW0727t.ent","0","0","0","0","0","0","w00715_t101.ent","20160938.wav","00085193.wav","0","0","0","","","","","","","9999","1000","0","",""
"60957","1","飞龙在天","0","3","3","10137","曾为文殊菩萨降妖密宝，如今幻化为一杆金龙宝枪。此枪掷出可化为飞龙，从万丈高空俯冲而下，撕碎敌人。","右键点击装备。","14000","0","0","","","0","0","0","0","0","0","1","0","0","120","0","0","2","1","1","1","1","0","0","1","1","0","0","0","0","0","0","0","0","0","0","0","0","0","0","0","0","0","0","0","0","0","0","0","0","0","0","0","0","1","2","0","1","0","0","0","0","0","0","0","0","0","0","0","0","0","0","0","0","0","255","500","10","1","2","33","0","33","0","33","0","33","0","33","0","430","559","0","0","500","650","0","0","0","0","0","0","0","0","0","0","0","0","0","0","0","0","0","0","0","0","0","0","0","0","0","0","0","0","0","0","0","0","0","0","0","0","0","0","0","0","0","0","0","0","0","0","itemW0727.ent","itemW0727s.ent","itemW0727t.ent","0","0","0","0","0","0","w00715_t101.ent","20160938.wav","00085193.wav","0","0","0","","","","","","","9999","1000","0","",""
"60958","1","太极","0","3","3","10147","包容太极于其内，博采天地之灵气","右键点击装备。","14000","0","0","","","0","0","0","0","0","0","1","5","0","30","0","0","2","1","1","1","1","0","0","1","1","0","0","0","0","0","0","0","0","0","0","0","0","0","0","0","0","0","0","0","0","0","0","0","0","0","0","0","0","1","2","0","1","0","0","0","0","0","0","0","0","0","0","0","0","0","0","0","0","0","255","500","10","1","2","21","0","21","0","21","0","21","0","21","0","280","364","0","0","325","422","0","0","0","0","0","0","0","0","0","0","0","0","0","0","0","0","0","0","0","0","0","0","0","0","0","0","0","0","0","0","0","0","0","0","0","0","0","0","0","0","0","0","0","0","0","0","itemW0720.ent","itemW0720s.ent","itemW0720t.ent","0","0","0","0","0","0","w00708_t101.ent","20160938.wav","20160931.wav","w00773_t101.ent","0","0","","","","","","","9999","1000","0","",""
"60959","1","太极","0","3","3","10148","包容太极于其内，博采天地之灵气","右键点击装备。","14000","0","0","","","0","0","0","0","0","0","1","5","0","30","0","0","2","1","1","1","1","0","0","1","1","0","0","0","0","0","0","0","0","0","0","0","0","0","0","0","0","0","0","0","0","0","0","0","0","0","0","0","0","1","2","0","1","0","0","0","0","0","0","0","0","0","0","0","0","0","0","0","0","0","255","500","10","1","2","24","0","24","0","24","0","24","0","24","0","310","403","0","0","360","468","0","0","0","0","0","0","0","0","0","0","0","0","0","0","0","0","0","0","0","0","0","0","0","0","0","0","0","0","0","0","0","0","0","0","0","0","0","0","0","0","0","0","0","0","0","0","itemW0720.ent","itemW0720s.ent","itemW0720t.ent","0","0","0","0","0","0","w00708_t101.ent","20160938.wav","20160931.wav","w00773_t101.ent","0","0","","","","","","","9999","1000","0","",""
"60960","1","太极","0","3","3","10149","包容太极于其内，博采天地之灵气","右键点击装备。","14000","0","0","","","0","0","0","0","0","0","1","5","0","30","0","0","2","1","1","1","1","0","0","1","1","0","0","0","0","0","0","0","0","0","0","0","0","0","0","0","0","0","0","0","0","0","0","0","0","0","0","0","0","1","2","0","1","0","0","0","0","0","0","0","0","0","0","0","0","0","0","0","0","0","255","500","10","1","2","26","0","26","0","26","0","26","0","26","0","340","442","0","0","395","513","0","0","0","0","0","0","0","0","0","0","0","0","0","0","0","0","0","0","0","0","0","0","0","0","0","0","0","0","0","0","0","0","0","0","0","0","0","0","0","0","0","0","0","0","0","0","itemW0720.ent","itemW0720s.ent","itemW0720t.ent","0","0","0","0","0","0","w00708_t101.ent","20160938.wav","20160931.wav","w00773_t101.ent","0","0","","","","","","","9999","1000","0","",""
"60961","1","玉龙","0","3","3","10150","白玉制的扇骨，优雅灵巧，似白龙出海","右键点击装备。","14000","0","0","","","0","0","0","0","0","0","1","5","0","30","0","0","2","1","1","1","1","0","0","1","1","0","0","0","0","0","0","0","0","0","0","0","0","0","0","0","0","0","0","0","0","0","0","0","0","0","0","0","0","1","2","0","1","0","0","0","0","0","0","0","0","0","0","0","0","0","0","0","0","0","255","500","10","1","2","21","0","21","0","21","0","21","0","21","0","280","364","0","0","325","422","0","0","0","0","0","0","0","0","0","0","0","0","0","0","0","0","0","0","0","0","0","0","0","0","0","0","0","0","0","0","0","0","0","0","0","0","0","0","0","0","0","0","0","0","0","0","itemW0722.ent","itemW0722s.ent","itemW0722t.ent","0","0","0","0","0","0","w00710_t101.ent","20160938.wav","20160931.wav","w00774_t101.ent","0","0","","","","","","","9999","1000","0","",""
"60962","1","玉龙","0","3","3","10151","白玉制的扇骨，优雅灵巧，似白龙出海","右键点击装备。","14000","0","0","","","0","0","0","0","0","0","1","5","0","30","0","0","2","1","1","1","1","0","0","1","1","0","0","0","0","0","0","0","0","0","0","0","0","0","0","0","0","0","0","0","0","0","0","0","0","0","0","0","0","1","2","0","1","0","0","0","0","0","0","0","0","0","0","0","0","0","0","0","0","0","255","500","10","1","2","24","0","24","0","24","0","24","0","24","0","310","403","0","0","360","468","0","0","0","0","0","0","0","0","0","0","0","0","0","0","0","0","0","0","0","0","0","0","0","0","0","0","0","0","0","0","0","0","0","0","0","0","0","0","0","0","0","0","0","0","0","0","itemW0722.ent","itemW0722s.ent","itemW0722t.ent","0","0","0","0","0","0","w00710_t101.ent","20160938.wav","20160931.wav","w00774_t101.ent","0","0","","","","","","","9999","1000","0","",""
"60963","1","玉龙","0","3","3","10152","白玉制的扇骨，优雅灵巧，似白龙出海","右键点击装备。","14000","0","0","","","0","0","0","0","0","0","1","5","0","30","0","0","2","1","1","1","1","0","0","1","1","0","0","0","0","0","0","0","0","0","0","0","0","0","0","0","0","0","0","0","0","0","0","0","0","0","0","0","0","1","2","0","1","0","0","0","0","0","0","0","0","0","0","0","0","0","0","0","0","0","255","500","10","1","2","26","0","26","0","26","0","26","0","26","0","340","442","0","0","395","513","0","0","0","0","0","0","0","0","0","0","0","0","0","0","0","0","0","0","0","0","0","0","0","0","0","0","0","0","0","0","0","0","0","0","0","0","0","0","0","0","0","0","0","0","0","0","itemW0722.ent","itemW0722s.ent","itemW0722t.ent","0","0","0","0","0","0","w00710_t101.ent","20160938.wav","20160931.wav","w00774_t101.ent","0","0","","","","","","","9999","1000","0","",""
"60964","1","秋风","0","3","3","10153","一纸折扇，荡平天下事，一缕秋风，吹尽凡尘心","右键点击装备。","14000","0","0","","","0","0","0","0","0","0","1","5","0","30","0","0","2","1","1","1","1","0","0","1","1","0","0","0","0","0","0","0","0","0","0","0","0","0","0","0","0","0","0","0","0","0","0","0","0","0","0","0","0","1","2","0","1","0","0","0","0","0","0","0","0","0","0","0","0","0","0","0","0","0","255","500","10","1","2","21","0","21","0","21","0","21","0","21","0","280","364","0","0","325","422","0","0","0","0","0","0","0","0","0","0","0","0","0","0","0","0","0","0","0","0","0","0","0","0","0","0","0","0","0","0","0","0","0","0","0","0","0","0","0","0","0","0","0","0","0","0","itemW0724.ent","itemW0724s.ent","itemW0724t.ent","0","0","0","0","0","0","w00712_t101.ent","20160938.wav","20160931.wav","w00775_t101.ent","0","0","","","","","","","9999","1000","0","",""
"60965","1","秋风","0","3","3","10154","一纸折扇，荡平天下事，一缕秋风，吹尽凡尘心","右键点击装备。","14000","0","0","","","0","0","0","0","0","0","1","5","0","30","0","0","2","1","1","1","1","0","0","1","1","0","0","0","0","0","0","0","0","0","0","0","0","0","0","0","0","0","0","0","0","0","0","0","0","0","0","0","0","1","2","0","1","0","0","0","0","0","0","0","0","0","0","0","0","0","0","0","0","0","255","500","10","1","2","24","0","24","0","24","0","24","0","24","0","310","403","0","0","360","468","0","0","0","0","0","0","0","0","0","0","0","0","0","0","0","0","0","0","0","0","0","0","0","0","0","0","0","0","0","0","0","0","0","0","0","0","0","0","0","0","0","0","0","0","0","0","itemW0724.ent","itemW0724s.ent","itemW0724t.ent","0","0","0","0","0","0","w00712_t101.ent","20160938.wav","20160931.wav","w00775_t101.ent","0","0","","","","","","","9999","1000","0","",""
"60966","1","秋风","0","3","3","10155","一纸折扇，荡平天下事，一缕秋风，吹尽凡尘心","右键点击装备。","14000","0","0","","","0","0","0","0","0","0","1","5","0","30","0","0","2","1","1","1","1","0","0","1","1","0","0","0","0","0","0","0","0","0","0","0","0","0","0","0","0","0","0","0","0","0","0","0","0","0","0","0","0","1","2","0","1","0","0","0","0","0","0","0","0","0","0","0","0","0","0","0","0","0","255","500","10","1","2","26","0","26","0","26","0","26","0","26","0","340","442","0","0","395","513","0","0","0","0","0","0","0","0","0","0","0","0","0","0","0","0","0","0","0","0","0","0","0","0","0","0","0","0","0","0","0","0","0","0","0","0","0","0","0","0","0","0","0","0","0","0","itemW0724.ent","itemW0724s.ent","itemW0724t.ent","0","0","0","0","0","0","w00712_t101.ent","20160938.wav","20160931.wav","w00775_t101.ent","0","0","","","","","","","9999","1000","0","",""
"60967","1","画龙点睛","0","3","3","10156","画龙点睛本是一把普通的折扇，只因张僧繇画神龙于上，并点其睛，挥动时则隐有风雷之声、云雨之气，展开更有神龙奔出。","右键点击装备。","14000","0","0","","","0","0","0","0","0","0","1","5","0","30","0","0","2","1","1","1","1","0","0","1","1","0","0","0","0","0","0","0","0","0","0","0","0","0","0","0","0","0","0","0","0","0","0","0","0","0","0","0","0","1","2","0","1","0","0","0","0","0","0","0","0","0","0","0","0","0","0","0","0","0","255","500","10","1","2","28","0","28","0","28","0","28","0","28","0","370","481","0","0","430","559","0","0","0","0","0","0","0","0","0","0","0","0","0","0","0","0","0","0","0","0","0","0","0","0","0","0","0","0","0","0","0","0","0","0","0","0","0","0","0","0","0","0","0","0","0","0","itemW0728.ent","itemW0728s.ent","itemW0728t.ent","0","0","0","0","0","0","w00716_t101.ent","20160938.wav","20160931.wav","w00776_t101.ent","0","0","","","","","","","9999","1000","0","",""
"60968","1","画龙点睛","0","3","3","10157","画龙点睛本是一把普通的折扇，只因张僧繇画神龙于上，并点其睛，挥动时则隐有风雷之声、云雨之气，展开更有神龙奔出。","右键点击装备。","14000","0","0","","","0","0","0","0","0","0","1","5","0","30","0","0","2","1","1","1","1","0","0","1","1","0","0","0","0","0","0","0","0","0","0","0","0","0","0","0","0","0","0","0","0","0","0","0","0","0","0","0","0","1","2","0","1","0","0","0","0","0","0","0","0","0","0","0","0","0","0","0","0","0","255","500","10","1","2","31","0","31","0","31","0","31","0","31","0","400","520","0","0","465","604","0","0","0","0","0","0","0","0","0","0","0","0","0","0","0","0","0","0","0","0","0","0","0","0","0","0","0","0","0","0","0","0","0","0","0","0","0","0","0","0","0","0","0","0","0","0","itemW0728.ent","itemW0728s.ent","itemW0728t.ent","0","0","0","0","0","0","w00716_t101.ent","20160938.wav","20160931.wav","w00776_t101.ent","0","0","","","","","","","9999","1000","0","",""
"60969","1","画龙点睛","0","3","3","10158","画龙点睛本是一把普通的折扇，只因张僧繇画神龙于上，并点其睛，挥动时则隐有风雷之声、云雨之气，展开更有神龙奔出。","右键点击装备。","14000","0","0","","","0","0","0","0","0","0","1","5","0","30","0","0","2","1","1","1","1","0","0","1","1","0","0","0","0","0","0","0","0","0","0","0","0","0","0","0","0","0","0","0","0","0","0","0","0","0","0","0","0","1","2","0","1","0","0","0","0","0","0","0","0","0","0","0","0","0","0","0","0","0","255","500","10","1","2","33","0","33","0","33","0","33","0","33","0","430","559","0","0","500","650","0","0","0","0","0","0","0","0","0","0","0","0","0","0","0","0","0","0","0","0","0","0","0","0","0","0","0","0","0","0","0","0","0","0","0","0","0","0","0","0","0","0","0","0","0","0","itemW0728.ent","itemW0728s.ent","itemW0728t.ent","0","0","0","0","0","0","w00716_t101.ent","20160938.wav","20160931.wav","w00776_t101.ent","0","0","","","","","","","9999","1000","0","",""
"60970","1","秋水人家","0","3","3","10159","扇面上所画《秋水人家图》出神入化，栩栩如生；展扇更可进入其中，游山玩水，身临其境。其中定有道家仙法无疑。","右键点击装备。","14000","0","0","","","0","0","0","0","0","0","1","5","0","30","0","0","2","1","1","1","1","0","0","1","1","0","0","0","0","0","0","0","0","0","0","0","0","0","0","0","0","0","0","0","0","0","0","0","0","0","0","0","0","1","2","0","1","0","0","0","0","0","0","0","0","0","0","0","0","0","0","0","0","0","255","500","10","1","2","28","0","28","0","28","0","28","0","28","0","370","481","0","0","430","559","0","0","0","0","0","0","0","0","0","0","0","0","0","0","0","0","0","0","0","0","0","0","0","0","0","0","0","0","0","0","0","0","0","0","0","0","0","0","0","0","0","0","0","0","0","0","itemW0729.ent","itemW0729s.ent","itemW0729t.ent","0","0","0","0","0","0","w00717_t101.ent","20160938.wav","20160931.wav","w00777_t101.ent","0","0","","","","","","","9999","1000","0","",""
"60971","1","秋水人家","0","3","3","10160","扇面上所画《秋水人家图》出神入化，栩栩如生；展扇更可进入其中，游山玩水，身临其境。其中定有道家仙法无疑。","右键点击装备。","14000","0","0","","","0","0","0","0","0","0","1","5","0","30","0","0","2","1","1","1","1","0","0","1","1","0","0","0","0","0","0","0","0","0","0","0","0","0","0","0","0","0","0","0","0","0","0","0","0","0","0","0","0","1","2","0","1","0","0","0","0","0","0","0","0","0","0","0","0","0","0","0","0","0","255","500","10","1","2","31","0","31","0","31","0","31","0","31","0","400","520","0","0","465","604","0","0","0","0","0","0","0","0","0","0","0","0","0","0","0","0","0","0","0","0","0","0","0","0","0","0","0","0","0","0","0","0","0","0","0","0","0","0","0","0","0","0","0","0","0","0","itemW0729.ent","itemW0729s.ent","itemW0729t.ent","0","0","0","0","0","0","w00717_t101.ent","20160938.wav","20160931.wav","w00777_t101.ent","0","0","","","","","","","9999","1000","0","",""
"60972","1","秋水人家","0","3","3","10161","扇面上所画《秋水人家图》出神入化，栩栩如生；展扇更可进入其中，游山玩水，身临其境。其中定有道家仙法无疑。","右键点击装备。","14000","0","0","","","0","0","0","0","0","0","1","5","0","30","0","0","2","1","1","1","1","0","0","1","1","0","0","0","0","0","0","0","0","0","0","0","0","0","0","0","0","0","0","0","0","0","0","0","0","0","0","0","0","1","2","0","1","0","0","0","0","0","0","0","0","0","0","0","0","0","0","0","0","0","255","500","10","1","2","33","0","33","0","33","0","33","0","33","0","430","559","0","0","500","650","0","0","0","0","0","0","0","0","0","0","0","0","0","0","0","0","0","0","0","0","0","0","0","0","0","0","0","0","0","0","0","0","0","0","0","0","0","0","0","0","0","0","0","0","0","0","itemW0729.ent","itemW0729s.ent","itemW0729t.ent","0","0","0","0","0","0","w00717_t101.ent","20160938.wav","20160931.wav","w00777_t101.ent","0","0","","","","","","","9999","1000","0","",""
"60973","1","逍遥江湖","0","3","3","10162","持此扇行走江湖，可预先知晓福祸吉凶。据说是钦天监台正先生袁天罡书奇门妙法于其上，方使此扇有逍遥美名。","右键点击装备。","14000","0","0","","","0","0","0","0","0","0","1","5","0","30","0","0","2","1","1","1","1","0","0","1","1","0","0","0","0","0","0","0","0","0","0","0","0","0","0","0","0","0","0","0","0","0","0","0","0","0","0","0","0","1","2","0","1","0","0","0","0","0","0","0","0","0","0","0","0","0","0","0","0","0","255","500","10","1","2","28","0","28","0","28","0","28","0","28","0","370","481","0","0","430","559","0","0","0","0","0","0","0","0","0","0","0","0","0","0","0","0","0","0","0","0","0","0","0","0","0","0","0","0","0","0","0","0","0","0","0","0","0","0","0","0","0","0","0","0","0","0","itemW0730.ent","itemW0730s.ent","itemW0730t.ent","0","0","0","0","0","0","w00718_t101.ent","20160938.wav","20160931.wav","w00778_t101.ent","0","0","","","","","","","9999","1000","0","",""
"60974","1","逍遥江湖","0","3","3","10163","持此扇行走江湖，可预先知晓福祸吉凶。据说是钦天监台正先生袁天罡书奇门妙法于其上，方使此扇有逍遥美名。","右键点击装备。","14000","0","0","","","0","0","0","0","0","0","1","5","0","30","0","0","2","1","1","1","1","0","0","1","1","0","0","0","0","0","0","0","0","0","0","0","0","0","0","0","0","0","0","0","0","0","0","0","0","0","0","0","0","1","2","0","1","0","0","0","0","0","0","0","0","0","0","0","0","0","0","0","0","0","255","500","10","1","2","31","0","31","0","31","0","31","0","31","0","400","520","0","0","465","604","0","0","0","0","0","0","0","0","0","0","0","0","0","0","0","0","0","0","0","0","0","0","0","0","0","0","0","0","0","0","0","0","0","0","0","0","0","0","0","0","0","0","0","0","0","0","itemW0730.ent","itemW0730s.ent","itemW0730t.ent","0","0","0","0","0","0","w00718_t101.ent","20160938.wav","20160931.wav","w00778_t101.ent","0","0","","","","","","","9999","1000","0","",""
"60975","1","逍遥江湖","0","3","3","10164","持此扇行走江湖，可预先知晓福祸吉凶。据说是钦天监台正先生袁天罡书奇门妙法于其上，方使此扇有逍遥美名。","右键点击装备。","14000","0","0","","","0","0","0","0","0","0","1","5","0","120","0","0","2","1","1","1","1","0","0","1","1","0","0","0","0","0","0","0","0","0","0","0","0","0","0","0","0","0","0","0","0","0","0","0","0","0","0","0","0","1","2","0","1","0","0","0","0","0","0","0","0","0","0","0","0","0","0","0","0","0","255","500","10","1","2","33","0","33","0","33","0","33","0","33","0","430","559","0","0","500","650","0","0","0","0","0","0","0","0","0","0","0","0","0","0","0","0","0","0","0","0","0","0","0","0","0","0","0","0","0","0","0","0","0","0","0","0","0","0","0","0","0","0","0","0","0","0","itemW0730.ent","itemW0730s.ent","itemW0730t.ent","0","0","0","0","0","0","w00718_t101.ent","20160938.wav","20160931.wav","w00778_t101.ent","0","0","","","","","","","9999","1000","0","",""
"60976","1","盘龙","0","3","3","10180","身若九曲盘龙，口吞八卦金珠","右键点击装备。","500","0","0","","","0","0","0","0","0","0","2","6","0","30","0","0","2","1","1","1","1","0","0","1","1","0","0","0","0","0","0","0","0","0","0","0","0","0","0","0","0","0","0","0","0","0","0","0","0","0","0","0","0","1","2","0","1","0","0","0","0","0","0","0","0","0","0","0","0","0","0","0","0","0","255","500","10","1","2","21","0","21","0","21","0","21","0","21","0","280","364","0","0","325","422","0","0","0","0","0","0","0","0","0","0","0","0","0","0","0","0","0","0","0","0","0","0","0","0","0","0","0","0","0","0","0","0","0","0","0","0","0","0","0","0","0","0","0","0","0","0","itemW0742.ent","itemW0742s.ent","itemW0742t.ent","0","0","0","0","0","0","w00724_t101.ent","20160937.wav","20160934.wav","w00793_t101.ent","0","0","","","","","","","9999","1000","0","",""
"60977","1","盘龙","0","3","3","10181","身若九曲盘龙，口吞八卦金珠","右键点击装备。","500","0","0","","","0","0","0","0","0","0","2","6","0","30","0","0","2","1","1","1","1","0","0","1","1","0","0","0","0","0","0","0","0","0","0","0","0","0","0","0","0","0","0","0","0","0","0","0","0","0","0","0","0","1","2","0","1","0","0","0","0","0","0","0","0","0","0","0","0","0","0","0","0","0","255","500","10","1","2","24","0","24","0","24","0","24","0","24","0","310","403","0","0","360","468","0","0","0","0","0","0","0","0","0","0","0","0","0","0","0","0","0","0","0","0","0","0","0","0","0","0","0","0","0","0","0","0","0","0","0","0","0","0","0","0","0","0","0","0","0","0","itemW0742.ent","itemW0742s.ent","itemW0742t.ent","0","0","0","0","0","0","w00724_t101.ent","20160937.wav","20160934.wav","w00793_t101.ent","0","0","","","","","","","9999","1000","0","",""
"60978","1","盘龙","0","3","3","10182","身若九曲盘龙，口吞八卦金珠","右键点击装备。","500","0","0","","","0","0","0","0","0","0","2","6","0","30","0","0","2","1","1","1","1","0","0","1","1","0","0","0","0","0","0","0","0","0","0","0","0","0","0","0","0","0","0","0","0","0","0","0","0","0","0","0","0","1","2","0","1","0","0","0","0","0","0","0","0","0","0","0","0","0","0","0","0","0","255","500","10","1","2","26","0","26","0","26","0","26","0","26","0","340","442","0","0","395","513","0","0","0","0","0","0","0","0","0","0","0","0","0","0","0","0","0","0","0","0","0","0","0","0","0","0","0","0","0","0","0","0","0","0","0","0","0","0","0","0","0","0","0","0","0","0","itemW0742.ent","itemW0742s.ent","itemW0742t.ent","0","0","0","0","0","0","w00724_t101.ent","20160937.wav","20160934.wav","w00793_t101.ent","0","0","","","","","","","9999","1000","0","",""
"60979","1","降魔玉杵","0","3","3","10183","乃一块绝世好玉雕刻而成，杵头刻有仙家符咒。拿在手中，轻如鸿毛，打在人身，重如泰山。","右键点击装备。","500","0","0","","","0","0","0","0","0","0","2","6","0","30","0","0","2","1","1","1","1","0","0","1","1","0","0","0","0","0","0","0","0","0","0","0","0","0","0","0","0","0","0","0","0","0","0","0","0","0","0","0","0","1","2","0","1","0","0","0","0","0","0","0","0","0","0","0","0","0","0","0","0","0","255","500","10","1","2","28","0","28","0","28","0","28","0","28","0","370","481","0","0","430","559","0","0","0","0","0","0","0","0","0","0","0","0","0","0","0","0","0","0","0","0","0","0","0","0","0","0","0","0","0","0","0","0","0","0","0","0","0","0","0","0","0","0","0","0","0","0","itemW0743.ent","itemW0743s.ent","itemW0743t.ent","0","0","0","0","0","0","w00725_t101.ent","20160937.wav","20160934.wav","w00794_t101.ent","0","0","","","","","","","9999","1000","0","",""
"60980","1","降魔玉杵","0","3","3","10184","乃一块绝世好玉雕刻而成，杵头刻有仙家符咒。拿在手中，轻如鸿毛，打在人身，重如泰山。","右键点击装备。","500","0","0","","","0","0","0","0","0","0","2","6","0","30","0","0","2","1","1","1","1","0","0","1","1","0","0","0","0","0","0","0","0","0","0","0","0","0","0","0","0","0","0","0","0","0","0","0","0","0","0","0","0","1","2","0","1","0","0","0","0","0","0","0","0","0","0","0","0","0","0","0","0","0","255","500","10","1","2","31","0","31","0","31","0","31","0","31","0","400","520","0","0","465","604","0","0","0","0","0","0","0","0","0","0","0","0","0","0","0","0","0","0","0","0","0","0","0","0","0","0","0","0","0","0","0","0","0","0","0","0","0","0","0","0","0","0","0","0","0","0","itemW0743.ent","itemW0743s.ent","itemW0743t.ent","0","0","0","0","0","0","w00725_t101.ent","20160937.wav","20160934.wav","w00794_t101.ent","0","0","","","","","","","9999","1000","0","",""
"60981","1","降魔玉杵","0","3","3","10185","乃一块绝世好玉雕刻而成，杵头刻有仙家符咒。拿在手中，轻如鸿毛，打在人身，重如泰山。","右键点击装备。","500","0","0","","","0","0","0","0","0","0","2","6","0","30","0","0","2","1","1","1","1","0","0","1","1","0","0","0","0","0","0","0","0","0","0","0","0","0","0","0","0","0","0","0","0","0","0","0","0","0","0","0","0","1","2","0","1","0","0","0","0","0","0","0","0","0","0","0","0","0","0","0","0","0","255","500","10","1","2","33","0","33","0","33","0","33","0","33","0","430","559","0","0","500","650","0","0","0","0","0","0","0","0","0","0","0","0","0","0","0","0","0","0","0","0","0","0","0","0","0","0","0","0","0","0","0","0","0","0","0","0","0","0","0","0","0","0","0","0","0","0","itemW0743.ent","itemW0743s.ent","itemW0743t.ent","0","0","0","0","0","0","w00725_t101.ent","20160937.wav","20160934.wav","w00794_t101.ent","0","0","","","","","","","9999","1000","0","",""
"60982","1","青藤玉树","0","3","3","10186","翡翠藤蔓缠绕于碧玉树干之上，光芒石所雕的鲜花正怒放枝头；它是完美的艺术品，更是仙家妙宝、除魔利器。","右键点击装备。","500","0","0","","","0","0","0","0","0","0","2","6","0","30","0","0","2","1","1","1","1","0","0","1","1","0","0","0","0","0","0","0","0","0","0","0","0","0","0","0","0","0","0","0","0","0","0","0","0","0","0","0","0","1","2","0","1","0","0","0","0","0","0","0","0","0","0","0","0","0","0","0","0","0","255","500","10","1","2","28","0","28","0","28","0","28","0","28","0","370","481","0","0","430","559","0","0","0","0","0","0","0","0","0","0","0","0","0","0","0","0","0","0","0","0","0","0","0","0","0","0","0","0","0","0","0","0","0","0","0","0","0","0","0","0","0","0","0","0","0","0","itemW0744.ent","itemW0744s.ent","itemW0744t.ent","0","0","0","0","0","0","w00726_t101.ent","20160937.wav","20160934.wav","w00795_t101.ent","0","0","","","","","","","9999","1000","0","",""
"60983","1","青藤玉树","0","3","3","10187","翡翠藤蔓缠绕于碧玉树干之上，光芒石所雕的鲜花正怒放枝头；它是完美的艺术品，更是仙家妙宝、除魔利器。","右键点击装备。","500","0","0","","","0","0","0","0","0","0","2","6","0","30","0","0","2","1","1","1","1","0","0","1","1","0","0","0","0","0","0","0","0","0","0","0","0","0","0","0","0","0","0","0","0","0","0","0","0","0","0","0","0","1","2","0","1","0","0","0","0","0","0","0","0","0","0","0","0","0","0","0","0","0","255","500","10","1","2","31","0","31","0","31","0","31","0","31","0","400","520","0","0","465","604","0","0","0","0","0","0","0","0","0","0","0","0","0","0","0","0","0","0","0","0","0","0","0","0","0","0","0","0","0","0","0","0","0","0","0","0","0","0","0","0","0","0","0","0","0","0","itemW0744.ent","itemW0744s.ent","itemW0744t.ent","0","0","0","0","0","0","w00726_t101.ent","20160937.wav","20160934.wav","w00795_t101.ent","0","0","","","","","","","9999","1000","0","",""
"60984","1","青藤玉树","0","3","3","10188","翡翠藤蔓缠绕于碧玉树干之上，光芒石所雕的鲜花正怒放枝头；它是完美的艺术品，更是仙家妙宝、除魔利器。","右键点击装备。","500","0","0","","","0","0","0","0","0","0","2","6","0","30","0","0","2","1","1","1","1","0","0","1","1","0","0","0","0","0","0","0","0","0","0","0","0","0","0","0","0","0","0","0","0","0","0","0","0","0","0","0","0","1","2","0","1","0","0","0","0","0","0","0","0","0","0","0","0","0","0","0","0","0","255","500","10","1","2","33","0","33","0","33","0","33","0","33","0","430","559","0","0","500","650","0","0","0","0","0","0","0","0","0","0","0","0","0","0","0","0","0","0","0","0","0","0","0","0","0","0","0","0","0","0","0","0","0","0","0","0","0","0","0","0","0","0","0","0","0","0","itemW0744.ent","itemW0744s.ent","itemW0744t.ent","0","0","0","0","0","0","w00726_t101.ent","20160937.wav","20160934.wav","w00795_t101.ent","0","0","","","","","","","9999","1000","0","",""
"60985","1","墨玉骷髅","0","3","3","10189","魔棒上镶嵌着一个刻画精美的墨水晶骷髅，流露出神秘的死亡气息，似乎与地府有很深的渊源。","右键点击装备。","500","0","0","","","0","0","0","0","0","0","2","6","0","30","0","0","2","1","1","1","1","0","0","1","1","0","0","0","0","0","0","0","0","0","0","0","0","0","0","0","0","0","0","0","0","0","0","0","0","0","0","0","0","1","2","0","1","0","0","0","0","0","0","0","0","0","0","0","0","0","0","0","0","0","255","500","10","1","2","28","0","28","0","28","0","28","0","28","0","370","481","0","0","430","559","0","0","0","0","0","0","0","0","0","0","0","0","0","0","0","0","0","0","0","0","0","0","0","0","0","0","0","0","0","0","0","0","0","0","0","0","0","0","0","0","0","0","0","0","0","0","itemW0745.ent","itemW0745s.ent","itemW0745t.ent","0","0","0","0","0","0","w00727_t101.ent","20160937.wav","20160934.wav","w00796_t101.ent","0","0","","","","","","","9999","1000","0","",""
"60986","1","墨玉骷髅","0","3","3","10190","魔棒上镶嵌着一个刻画精美的墨水晶骷髅，流露出神秘的死亡气息，似乎与地府有很深的渊源。","右键点击装备。","500","0","0","","","0","0","0","0","0","0","2","6","0","30","0","0","2","1","1","1","1","0","0","1","1","0","0","0","0","0","0","0","0","0","0","0","0","0","0","0","0","0","0","0","0","0","0","0","0","0","0","0","0","1","2","0","1","0","0","0","0","0","0","0","0","0","0","0","0","0","0","0","0","0","255","500","10","1","2","31","0","31","0","31","0","31","0","31","0","400","520","0","0","465","604","0","0","0","0","0","0","0","0","0","0","0","0","0","0","0","0","0","0","0","0","0","0","0","0","0","0","0","0","0","0","0","0","0","0","0","0","0","0","0","0","0","0","0","0","0","0","itemW0745.ent","itemW0745s.ent","itemW0745t.ent","0","0","0","0","0","0","w00727_t101.ent","20160937.wav","20160934.wav","w00796_t101.ent","0","0","","","","","","","9999","1000","0","",""
"60987","1","墨玉骷髅","0","3","3","10191","魔棒上镶嵌着一个刻画精美的墨水晶骷髅，流露出神秘的死亡气息，似乎与地府有很深的渊源。","右键点击装备。","500","0","0","","","0","0","0","0","0","0","2","6","0","120","0","0","2","1","1","1","1","0","0","1","1","0","0","0","0","0","0","0","0","0","0","0","0","0","0","0","0","0","0","0","0","0","0","0","0","0","0","0","0","1","2","0","1","0","0","0","0","0","0","0","0","0","0","0","0","0","0","0","0","0","255","500","10","1","2","33","0","33","0","33","0","33","0","33","0","430","559","0","0","500","650","0","0","0","0","0","0","0","0","0","0","0","0","0","0","0","0","0","0","0","0","0","0","0","0","0","0","0","0","0","0","0","0","0","0","0","0","0","0","0","0","0","0","0","0","0","0","itemW0745.ent","itemW0745s.ent","itemW0745t.ent","0","0","0","0","0","0","w00727_t101.ent","20160937.wav","20160934.wav","w00796_t101.ent","0","0","","","","","","","9999","1000","0","",""
"60988","1","撕天","0","3","3","10201","天如幕，白光起，破九重天","右键点击装备。","500","0","0","","","0","0","0","0","0","0","2","0","0","30","0","0","2","1","1","1","1","0","0","1","1","0","0","0","0","0","0","0","0","0","0","0","0","0","0","0","0","0","0","0","0","0","0","0","0","0","0","0","0","1","2","0","1","0","0","0","0","0","0","0","0","0","0","0","0","0","0","0","0","0","255","500","10","1","2","21","0","21","0","21","0","21","0","21","0","280","364","0","0","325","422","0","0","0","0","0","0","0","0","0","0","0","0","0","0","0","0","0","0","0","0","0","0","0","0","0","0","0","0","0","0","0","0","0","0","0","0","0","0","0","0","0","0","0","0","0","0","itemW0755.ent","itemW0755s.ent","itemW0755t.ent","0","0","0","0","0","0","w00731_t101.ent","20160937.wav","1DC5C317.wav","0","0","0","","","","","","","9999","1000","0","",""
"60989","1","撕天","0","3","3","10202","天如幕，白光起，破九重天","右键点击装备。","500","0","0","","","0","0","0","0","0","0","2","0","0","30","0","0","2","1","1","1","1","0","0","1","1","0","0","0","0","0","0","0","0","0","0","0","0","0","0","0","0","0","0","0","0","0","0","0","0","0","0","0","0","1","2","0","1","0","0","0","0","0","0","0","0","0","0","0","0","0","0","0","0","0","255","500","10","1","2","24","0","24","0","24","0","24","0","24","0","310","403","0","0","360","468","0","0","0","0","0","0","0","0","0","0","0","0","0","0","0","0","0","0","0","0","0","0","0","0","0","0","0","0","0","0","0","0","0","0","0","0","0","0","0","0","0","0","0","0","0","0","itemW0755.ent","itemW0755s.ent","itemW0755t.ent","0","0","0","0","0","0","w00731_t101.ent","20160937.wav","1DC5C317.wav","0","0","0","","","","","","","9999","1000","0","",""
"60990","1","撕天","0","3","3","10203","天如幕，白光起，破九重天","右键点击装备。","500","0","0","","","0","0","0","0","0","0","2","0","0","30","0","0","2","1","1","1","1","0","0","1","1","0","0","0","0","0","0","0","0","0","0","0","0","0","0","0","0","0","0","0","0","0","0","0","0","0","0","0","0","1","2","0","1","0","0","0","0","0","0","0","0","0","0","0","0","0","0","0","0","0","255","500","10","1","2","26","0","26","0","26","0","26","0","26","0","340","442","0","0","395","513","0","0","0","0","0","0","0","0","0","0","0","0","0","0","0","0","0","0","0","0","0","0","0","0","0","0","0","0","0","0","0","0","0","0","0","0","0","0","0","0","0","0","0","0","0","0","itemW0755.ent","itemW0755s.ent","itemW0755t.ent","0","0","0","0","0","0","w00731_t101.ent","20160937.wav","1DC5C317.wav","0","0","0","","","","","","","9999","1000","0","",""
"60991","1","毒牙","0","3","3","10204","恐惧，只有经历无尽虚空中袭来的毒牙才知其真意","右键点击装备。","500","0","0","","","0","0","0","0","0","0","2","0","0","30","0","0","2","1","1","1","1","0","0","1","1","0","0","0","0","0","0","0","0","0","0","0","0","0","0","0","0","0","0","0","0","0","0","0","0","0","0","0","0","1","2","0","1","0","0","0","0","0","0","0","0","0","0","0","0","0","0","0","0","0","255","500","10","1","2","21","0","21","0","21","0","21","0","21","0","280","364","0","0","325","422","0","0","0","0","0","0","0","0","0","0","0","0","0","0","0","0","0","0","0","0","0","0","0","0","0","0","0","0","0","0","0","0","0","0","0","0","0","0","0","0","0","0","0","0","0","0","itemW0756.ent","itemW0756s.ent","itemW0756t.ent","0","0","0","0","0","0","w00732_t101.ent","20160937.wav","1DC5C317.wav","0","0","0","","","","","","","9999","1000","0","",""
"60992","1","毒牙","0","3","3","10205","恐惧，只有经历无尽虚空中袭来的毒牙才知其真意","右键点击装备。","500","0","0","","","0","0","0","0","0","0","2","0","0","30","0","0","2","1","1","1","1","0","0","1","1","0","0","0","0","0","0","0","0","0","0","0","0","0","0","0","0","0","0","0","0","0","0","0","0","0","0","0","0","1","2","0","1","0","0","0","0","0","0","0","0","0","0","0","0","0","0","0","0","0","255","500","10","1","2","24","0","24","0","24","0","24","0","24","0","310","403","0","0","360","468","0","0","0","0","0","0","0","0","0","0","0","0","0","0","0","0","0","0","0","0","0","0","0","0","0","0","0","0","0","0","0","0","0","0","0","0","0","0","0","0","0","0","0","0","0","0","itemW0756.ent","itemW0756s.ent","itemW0756t.ent","0","0","0","0","0","0","w00732_t101.ent","20160937.wav","1DC5C317.wav","0","0","0","","","","","","","9999","1000","0","",""
"60993","1","毒牙","0","3","3","10206","恐惧，只有经历无尽虚空中袭来的毒牙才知其真意","右键点击装备。","500","0","0","","","0","0","0","0","0","0","2","0","0","30","0","0","2","1","1","1","1","0","0","1","1","0","0","0","0","0","0","0","0","0","0","0","0","0","0","0","0","0","0","0","0","0","0","0","0","0","0","0","0","1","2","0","1","0","0","0","0","0","0","0","0","0","0","0","0","0","0","0","0","0","255","500","10","1","2","26","0","26","0","26","0","26","0","26","0","340","442","0","0","395","513","0","0","0","0","0","0","0","0","0","0","0","0","0","0","0","0","0","0","0","0","0","0","0","0","0","0","0","0","0","0","0","0","0","0","0","0","0","0","0","0","0","0","0","0","0","0","itemW0756.ent","itemW0756s.ent","itemW0756t.ent","0","0","0","0","0","0","w00732_t101.ent","20160937.wav","1DC5C317.wav","0","0","0","","","","","","","9999","1000","0","",""
"60994","1","胭脂","0","3","3","10207","血红的颜色，胭脂的香气，将缤纷的灵魂凝结为黑白","右键点击装备。","500","0","0","","","0","0","0","0","0","0","2","0","0","30","0","0","2","1","1","1","1","0","0","1","1","0","0","0","0","0","0","0","0","0","0","0","0","0","0","0","0","0","0","0","0","0","0","0","0","0","0","0","0","1","2","0","1","0","0","0","0","0","0","0","0","0","0","0","0","0","0","0","0","0","255","500","10","1","2","21","0","21","0","21","0","21","0","21","0","280","364","0","0","325","422","0","0","0","0","0","0","0","0","0","0","0","0","0","0","0","0","0","0","0","0","0","0","0","0","0","0","0","0","0","0","0","0","0","0","0","0","0","0","0","0","0","0","0","0","0","0","itemW0757.ent","itemW0757s.ent","itemW0757t.ent","0","0","0","0","0","0","w00733_t101.ent","20160937.wav","1DC5C317.wav","0","0","0","","","","","","","9999","1000","0","",""
"60995","1","胭脂","0","3","3","10208","血红的颜色，胭脂的香气，将缤纷的灵魂凝结为黑白","右键点击装备。","500","0","0","","","0","0","0","0","0","0","2","0","0","30","0","0","2","1","1","1","1","0","0","1","1","0","0","0","0","0","0","0","0","0","0","0","0","0","0","0","0","0","0","0","0","0","0","0","0","0","0","0","0","1","2","0","1","0","0","0","0","0","0","0","0","0","0","0","0","0","0","0","0","0","255","500","10","1","2","24","0","24","0","24","0","24","0","24","0","310","403","0","0","360","468","0","0","0","0","0","0","0","0","0","0","0","0","0","0","0","0","0","0","0","0","0","0","0","0","0","0","0","0","0","0","0","0","0","0","0","0","0","0","0","0","0","0","0","0","0","0","itemW0757.ent","itemW0757s.ent","itemW0757t.ent","0","0","0","0","0","0","w00733_t101.ent","20160937.wav","1DC5C317.wav","0","0","0","","","","","","","9999","1000","0","",""
"60996","1","胭脂","0","3","3","10209","血红的颜色，胭脂的香气，将缤纷的灵魂凝结为黑白","右键点击装备。","500","0","0","","","0","0","0","0","0","0","2","0","0","30","0","0","2","1","1","1","1","0","0","1","1","0","0","0","0","0","0","0","0","0","0","0","0","0","0","0","0","0","0","0","0","0","0","0","0","0","0","0","0","1","2","0","1","0","0","0","0","0","0","0","0","0","0","0","0","0","0","0","0","0","255","500","10","1","2","26","0","26","0","26","0","26","0","26","0","340","442","0","0","395","513","0","0","0","0","0","0","0","0","0","0","0","0","0","0","0","0","0","0","0","0","0","0","0","0","0","0","0","0","0","0","0","0","0","0","0","0","0","0","0","0","0","0","0","0","0","0","itemW0757.ent","itemW0757s.ent","itemW0757t.ent","0","0","0","0","0","0","w00733_t101.ent","20160937.wav","1DC5C317.wav","0","0","0","","","","","","","9999","1000","0","",""
